466,themovechannel.com,dj@themovechannel.com|info@themovechannel.com|dan.johnson@leadgalaxy.com,1,8,19,11786,biggerpockets.com,josh@biggerpockets.com|brandon@biggerpockets.com,1,1,8,71466,healthycase.com,,0,0,0,02629,momsmiami.com,editor@momsmiami.com|cpacenti@miamiherald.com,1,5,20,153004,tracyandmatt.co.uk,matt@tracyandmatt.co.uk|leo_dee21@hotmail.com,1,2,7,53087,lillieammann.com,lillie@lillieammann.com,1,12,25,133279,1clickmoney.com,,0,0,0,03442,prairieecothrifter.com,prairieecothrifter@gmail.com,1,2,8,63461,brokeprofessionals.com,brokeprofessionals@gmail.com|jspector@steelcast.com,1,9,26,173469,lifehack.org,admin@lifehack.org|brian@lifehack.org|tips@lifehack.org,1,4,9,53499,sustainablepersonalfinance.com,sustainablepersonalfinance@gmail.com,1,29,55,263533,personalfinancejourney.com,lakita@personalfinancejourney.com,1,0,1,13537,financiallypoor.com,kevin@financiallypoor.com,1,3,7,43936,20smoney.com,matt@steadfastfinances.com|support@20smoney.com,1,0,4,43970,morethanfinances.com,,0,0,0,03996,rather-be-shopping.com,ratherbeshopping@sbcglobal.net|kjones@steelcast.com,1,27,62,354000,studenomics.com,,0,0,0,04007,compoundingreturns.com,,0,0,0,04098,financiallydigital.com,,0,0,0,04117,financialmoneytips.com,moneyperk@financialmoneytips.com|dadams@steelcast.com,1,28,80,524139,bloggingbasics101.com,melanie@bloggingbasics101.com,1,3,7,44143,lifehacker.com,domains@gawker.com|whitson@lifehacker.com|tessa@lifehacker.com|submissions@lifehacker.com,1,6,19,134173,tightwadblog.com,tightwadblog@gmail.com|smudgecommunications@gmail.com,1,20,44,244195,successful-blog.com,Lizsun2@gmail.com|lizsun2@gmail.com|rosemary.oneill@gmail.com,1,9,19,104573,usgreentechnology.com,corporate_communications@usgreentechnology.com|jwc1978@aol.com|john.courtney@usgreentechnology.com,1,10,25,154669,designrfix.com,write@designrfix.com|contact@designrfix.com|admin@designrfix.com,1,5,11,64921,blogher.com,elisa@blogher.com,1,0,4,45865,ladiesgadgets.com,office@ladiesgadgets.com.|office@ladiesgadgets.com,1,8,25,175875,financenewspro.com,admin@financenewspro.com,1,1,2,15914,beontheroad.com,sankaracs@beontheroad.com,1,3,6,36441,bullz-eye.com,seniorstaff@bullz-eye.com|bullzeyestaff@gmail.com|gorlando@bullz-eye.com,1,3,6,36707,itravelnet.com,editor@itravelnet.com,1,13,40,277449,elegancefoodandwine.com,,0,0,0,07473,koolstory.com,,0,0,0,07499,showbonline.com,olinrei@yahoo.com,1,0,1,17529,mycomfyzone.com,,0,0,0,07531,sheaky.com,,0,0,0,07552,mylifeispeachy.com,,0,0,0,07553,istarblog.com,ronel.marin2002@gmail.com,1,0,2,27556,becauselifeisablessing.com,,0,0,0,08164,loopnet.com,,0,0,0,08753,shibleysmiles.com,colleen@shibleysmiles.com,1,6,14,88810,lifeinthelostworld.com,ntiveheart@gmail.com,1,0,2,29041,dumblittleman.com,tips@dumblittleman.com,1,7,25,189347,smallbizbee.com,,0,0,0,09579,newsreelnetwork.com,,0,0,0,09606,my-crossroad.com,racelyn.abug@yahoo.com,1,0,2,29887,aislebyaisle.com,simshop@aislebyaisle.com,1,1,2,110298,mommyenterprises.com,advertising@mommyenterprises.com|mom@momsbargains.com,1,35,85,5010643,mediabistro.com,wecare@mediabistro.com,1,1,2,110811,audeamus.com,,0,0,0,010991,phandroid.com,quentyn@phandroid.com,1,1,2,111042,mommiesplayground.com,media@mommiesplayground.com,1,10,34,2411142,gorumors.com,contribute@gorumors.com|anand1984@gmail.com|anand.srinivasan@gorumors.com,1,1,6,511848,livestrong.com,,0,0,0,012586,helloandroid.com, info@helloandroid.com|info@helloandroid.com|kzipp@steelcast.com|tibor.bekefi@helloandroid.com,1,11,57,4613875,geekswithblogs.net,jeff@techliteracy.net|support@geekswithblogs.com|info@ajisoftware.com|support@geekswithblogs.net|jeff@ajisoftware.com,1,10,23,1314225,phonesreview.co.uk,mark@phonesreview.co.uk,1,2,3,114289,goodmenproject.com,|lisa@goodmenproject.com|streak@well.com|justin@goodmenproject.com|day.liam32@gmail.com,1,5,19,1414354,marketingpilgrim.com,andy.beal@gmail.com,1,1,2,114368,pickthebrain.com,erin@pickthebrain.com,1,10,31,2114470,renewableenergyworld.com,,0,0,0,016279,101apartmentforrent.com,,0,0,0,018494,noobpreneur.com,info@noobpreneur.com,1,2,4,218731,simplefinancialfreedom.com,,0,0,0,019080,bloggingtips.com,moneyreign@gmail.com,1,7,15,819876,triporiginator.com,,0,0,0,020612,mymemphismommy.com,mymemphismommy@gmail.com,1,18,47,2921446,womenxplore.com,ymlaguerta@yahoo.com,1,1,5,421447,myplanetpurple.com,clod0327@yahoo.com|mrmilesyoung@gmail.com,1,1,4,321451,peggyleebrown.com,,0,0,0,021452,theartofeverydayjoe.com,,0,0,0,021453,cafephilomaurice.com,,0,0,0,021455,thesaladcaper.com,,1,1,1,021457,alphadf.com,,0,0,0,021459,heavenlyenglishtoffee.com,,0,0,0,021463,tattlemail.com,,0,0,0,021464,goodmanblog.com,,0,0,0,021465,wearesquareone.com,,0,0,0,021466,weartrickstar.com,,0,0,0,021468,trishasthoughts.net,,0,0,0,021469,misskittymysteries.com,,0,0,0,021470,reflectionsreflections.com,,0,0,0,021471,intuitivereasoning.com,,0,0,0,021472,beyondprettythings.com,jenski67@gmail.com,1,1,3,221481,iamstreetgoddess.com,,0,0,0,021483,acelynnierva.com,,0,0,0,021488,writingsofmaria.com,writingsofmaria@gmail.com,1,0,1,121497,bluesky96.org,,0,0,0,021504,urbangardencenter.org,,0,0,0,021507,finigrill.com,,0,0,0,021508,daisyshores.com,,0,0,0,021514,chamgj.net,,0,0,0,021520,greatfindsanddeals.com,,0,0,0,021522,momawayfromwork.com,pinayus27@yahoo.com|annie.davis0103@gmail.com|rwhitney@copypress.com,1,9,27,1821523,richfergerson.com,dearpeachy@gmail.com,1,0,1,121524,unclewilly.com,,0,0,0,021526,gr8giving.com,,0,0,0,021527,racelyn.com,racelyn.abug@yahoo.com,1,1,3,221529,facilityserv.net,,0,0,0,021530,paulandtoni.com,,0,0,0,021531,accordingtome.net,,0,0,0,021535,henzellovestosmile.com,,0,0,0,021540,pettythingsinlife.net   ,,0,0,0,021622,thecliq.org,info@thecliq.org,1,0,1,121623,trinsic.org,,0,0,0,021736,chillopedia.com,admin@chillopedia.com|solarheat_im@yahoo.com,1,13,29,1621743,globalgoodgroup.com,,0,0,0,021759,blitalk.com,,0,0,0,021763,gettingmoneywise.com,gettingmoneywise@gmail.com,1,7,16,921767,kirfan.com,the.kirfan@gmail.com,1,0,1,121772,shaanhaider.com,shaan@shaanhaider.com,1,5,17,1221773,shoppersbase.com,info@shoppersbase.com|jpservicez@gmail.com,1,6,14,821776,therealsupermumblog.com,emma@therealsupermumblog.com,1,6,15,921778,webmaisterpro.com,links@webmaisterpro.com,1,1,2,121822,techpaparazzi.com,sarvanshu_pcg@yahoo.com|mrmilesyoung@gmail.com,1,18,47,2921825,dragonblogger.com,,0,0,0,021834,digisecrets.com,admin@digisecrets.com|mrmilesyoung@gmail.com|karthik@digisecrets.com,1,3,20,1721838,technologytosoftware.com,beenasharma123456@gmail.com|mrmilesyoung@gmail.com,1,0,14,1421842,notjustthekitchen.com,rita@notjustthekitchen.com|ritaoksa@gmail.com,1,14,25,1121844,globalbusinesscatalog.com,,0,0,0,022003,law-books.org,,0,0,0,022170,pokerplayrules.com,,0,0,0,022979,secsportsfan.com,,0,0,0,026338,brobible.com,,0,0,0,026999,dymax-usa.com,,0,0,0,027742,sociableblog.com,sociable.blog@gmail.com|socialable.blog@gmail.com|social.blog@gmail.com,1,9,36,2727845,blastmagazine.com,guilfoil.j@blastmagazine.com|guifoil.j@blastmagazine.com,1,6,21,1530000,socialmediatoday.com,mark@socialmediatoday.com|socialmediatoday@socialmediatoday.com|molly@socialmediatoday.com,1,2,8,630099,webdesignerdepot.com,info@webdesignerdepot.com|webmaster@theinductionsite.com,1,2,5,330135,collegecareerlife.net,andrea@collegecareerlife.net,1,0,1,130490,braintrustdv.com,,1,1,1,030881,cash-bandit.com,,0,0,0,030985,gardenofmoments.com,pinaymama@gardenofmoments.com,1,1,3,231032,yeunglei.com,,0,0,0,032069,huffingtonpost.co.uk,HuffPostUK@Huffingtonpost.com,1,0,1,132262,i4u.com,luigilugmayr@gmail.com|ml@i4u.com|i4u@i4u.com,1,0,5,532318,homesgofast.com,,0,0,0,032344,selfgrowth.com,webmaster@selfgrowth.com |webmaster@selfgrowth.com,1,0,2,232496,thesmsguide.com,colbert@thesmsguide.com|colbertlow@gmail.com,1,5,12,732796,techrepublic.com,Jason.Hiner@techrepublic.com|jason.hiner@techrepublic.com|hostmaster@cnet.com|au-zdnet-gamespot@cbsinteractive.com,1,0,6,632815,socialmediaseo.net,admin@socialmediaseo.net,1,5,16,1132872,mnn.com,submissions@mnn.com,1,1,8,733459,travelblog.org,,0,0,0,033678,traveljunkies.com,traveljunkies@btinternet.com,1,6,19,1333775,diwyy.com,bret@diwyy.com,1,12,38,2633795,sitepronews.com,inquiry@sitepronews.com|info@exactseek.com|editor@sitepronews.com|jennifercowan2000@gmail.com|info@ezinehub.com,1,12,30,1833796,stretcher.com,editor@stretcher.com|gdarby@cin.com,1,0,4,434115,technotravels.com,,0,0,0,034231,tipsfromthetlist.com,,0,0,0,035753,techipedia.com,tamar@techipedia.com,1,2,3,136006,web3mantra.com,muddasir@web3mantra.com,1,0,1,136063,webdesignbooth.com,,0,0,0,036118,convinceandconvert.com,submissions@convinceandconvert.com|jess@convinceandconvert.com,1,12,22,1036167,famousbloggers.net,,1,1,1,036176,ducttapemarketing.com,john@ducttapemarketing.com,1,1,3,236303,networkinginsight.com,jason@jacobsohn.com,1,3,7,436373,resourcenation.com,jessica.sanders@resourcenation.com,1,3,6,336958,profitonknowledge.com,leg4end@comcast.net,1,6,12,637074,under30ceo.com,Jared@under30ceo.com|Cara@under30media.com|cara@under30media.com|jspector@copypress.com,1,19,41,2239504,socialmediaexplorer.com,jason@socialmediaexplorer.com,1,2,8,639984,onextrapixel.com,hello@onextrapixel.com|millerhewrote@gmail.com|imandrewvalentine@gmail.com|aidan@onextrapixel.com,1,5,24,1940057,imediaconnection.com,Kyle@imediaconnection.com|kyle@imediaconnection.com|,1,7,24,1740085,websitemagazine.com,editors@websitemagazine.com| editors@websitemagazine.com|adressler@websitemagazine.com|millerhewrote@gmail.com|info@websitemagazine.com|rwhitney@steelcast.com|Peter@websitemagazine.com,1,12,28,1640122,pulse2.com,info@pulse2.com|amit@pulse2.com,1,0,8,840152,datadial.net,,0,0,0,041838,crazyleafdesign.com,support@crazyleafdesign.com|alex@crazyleafdesign.com,1,0,3,3350333,americanchronicle.com,editor@amchron.com,1,0,2,2350354,bloggingpro.com,,0,0,0,0350372,dailybits.com,,0,0,0,0350389,forevergeek.com,plscrivens@yahoo.com,1,0,4,4350391,freelancewritinggigs.com,,0,0,0,0350397,gather.com,russ@gatherinc.com,1,0,2,2350413,itechgiz.com,admin@itechgiz.com,1,1,7,6350418,listmyfive.com,,0,0,0,0350449,techchunks.com,,0,0,0,0350450,techcrates.com,,0,0,0,0350451,techfruit.com,tim@techfruit.com,1,4,10,6350453,techiewww.com,,0,0,0,0350454,techmaso.com,techmaso@yahoo.com| techmaso@yahoo.com|admin@techmaso.com,1,0,3,3350455,technews24h.com,,0,0,0,0350456,technicallyeasy.net,,0,0,0,0350457,technicamix.com,technicamix@gmail.com| technicamix@gmail.com ,1,2,8,6350458,technologyblogged.com,write@technologyblogged.com||jakk@technologyblogged.com,1,0,9,9350460,techsnapr.com,info@techsnapr.com| info@techsnapr.com,1,0,5,5350461,techwench.com,,0,0,0,0350470,theunlockr.com,admin@theunlockr.com|dcogen@theunlockr.com,1,1,4,3350489,buzzyme.com,,0,0,0,0350503,projectsmallfeet.com,,0,0,0,0350508,biznhoney.com,,0,0,0,0350530,mommyko.com,,0,0,0,0350541,momiespace.com,,0,0,0,0350543,blipbit.com,,0,0,0,0350552,lupusurvivor.com,,0,0,0,0350553,goodluckhomepage.com,,0,0,0,0624588,geekbusiness.com,,0,0,0,0710026,utsandiego.com,,0,0,0,0710033,sweeptight.com,jennifer@sweeptight.com,1,20,55,35710261,elephantjournal.com,waylon@elephantjournal.com|write@elephantjournal.com,1,3,8,5865942,logicbuy.com,info@logicbuy.com|kara_kamenec@ziffdavis.com|lseedhouse@copypress.com,1,20,51,31880766,siliconangle.com,johnfurrier@gmail.com|mark@siliconangle.com,1,1,4,3880835,gadgetteaser.com,gadgetteaser@gmail.com,1,0,3,3955300,increaserss.com,Admin@increaserss.com,1,0,1,1955648,onmoneymaking.com,onmoneymaking@direct-pro.com|thrivingtimes@hotmail.com,1,5,13,8956109,business2community.com,contribute@business2community.com|info@business2community.com|misskjackson838@gmail.com|contribute@business2community.com |renee@business2community.com,1,4,14,10956138,viralblog.com,paul@viralblog.com|igor@viralblog.com,1,1,3,2960578,cmsreport.com,,0,0,0,0960773,youngupstarts.com,administrator@youngupstarts.com|rwhitney@steelcast.com|,1,7,22,15960796,diymarketers.com,ivana@DIYMarketers.com|ivana@diymarketers.com,1,3,6,31007105,anglotopia.net,jonathan@anglotopia.net|rwhitney@steelcast.com,1,7,14,71035899,1800recycling.com,,0,0,0,01035962,walyou.com,contact@walyou.com|jobs@walyou.com|Jobs@Walyou.com|federico@walyou.com|josephstark84@gmail.com|federicologiudice@gmail.com,1,21,66,451036689,techifire.com,info@techifire.com|abhishekshukla25@gmail.com,1,1,5,41036691,newlaunches.com,,0,0,0,01037083,bookguardpro.com,,0,0,0,01037210,uniquedaily.com,,0,0,0,01038427,soxfirst.com,,0,0,0,01039499,thephoenixprinciple.com,adam@sparkpartners.com,1,5,15,101039586,inkernet.co.uk,,0,0,0,01041534,weblogbetter.com,guestpost@weblogbetter.com|ms.keasley@yahoo.com,1,1,4,31044624,blogworld.com,amber@blogworldexpo.com|allison@blogworldexpo.com|allison@nmxevents.com,1,19,56,371044626,thereasoner.com,bes@thereasoner.com,1,0,2,21044631,techjaws.com,boscony@yahoo.com|boscony@yahoo.com ,1,4,23,191044645,keepupwiththeweb.com,Sherryl@keepupwiththeweb.com|sherryl@keepupwiththeweb.com,1,17,44,271044880,infobarrel.com,khinton@hinzie.com,1,0,3,31045169,solidsmack.com,admin@solidsmack.com|josh@solidsmack.com|echilds@steelcast.com,1,12,27,151048292,rockspringsrealty.net,,0,0,0,01048339,topfinanceblog.com, finance@topfinanceblog.com|finance@topfinanceblog.com|Finance@topfinanceblog.com,1,24,61,371048370,financewand.com,jonny@financewand.com|jonnypean@gmail.com,1,1,5,41049182,best7android.com,shuknopata@gmail.com,1,4,9,51049191,wireless-weblog.com,raik@creative-weblogging.com,1,0,1,11049240,thesmartpda.com,tj@creative-weblogging.com,1,0,3,31049283,mobilegazette.com,help@mobilegazette.com|news@mobilegazette.com,1,1,4,31049383,gomonews.com,tony@mobileinsight.co.uk|news@gomonews.com,1,7,28,211049407,product-reviews.net,generalnews@product-reviews.net|newstip@product-reviews.net,1,0,5,51049549,mobile-weblog.com,,0,0,0,01049575,socialnetworking-weblog.com,,0,0,0,01049591,voip-weblog.com,,0,0,0,01049726,multyshades.com,multyshades@gmail.com,1,4,10,61049889,mynewmachine.com,contactus@mynewmachine.com|mynewmachine.com@gmail.com|contactus @ mynewmachine.com,1,14,32,181050094,crowdedbrain.co.uk,,0,0,0,01050097,techfreakstuff.com,admin@techfreakstuff.com|admin.techfreakstuff@gmail.com|millerhewrote@gmail.com|jedmondson@steelcast.com,1,16,41,251050105,igotspam.com,,0,0,0,01050114,cio-weblog.com,,0,0,0,01050149,java-entrepreneur.com,,0,0,0,01050169,wellwomanblog.com,,0,0,0,01050176,gadgetynews.com,gadgetgarrett@gmail.com |gadgetgarrett@gmail.com|gadgetgarrett@gmail.com |info@gadgetynews.com,1,0,11,111050197,business-computer-blog.co.uk,,0,0,0,01050208,phonearena.com,phonearena@phonearena.com|yazzywrites@gmail.com|radoslav.s@phonearena.com|tips@phonearena.com,1,1,17,161050234,gadgets-weblog.com,admin@gadgets-weblog.com|rh@nilis.net|,1,0,7,71050256,peakperformance1.com,,0,0,0,01050262,gadgetmix.com,kamalppc@gmail.com|gadgetmixcom@gmail.com |gadgetmixcom@gmail.com,1,5,11,61050268,androidguys.com,scott@androidguys.com|info@androidguys.com|press@androidguys.com,1,2,12,101050273,digitaltv-weblog.com,,0,0,0,01050291,coolsmartphone.com,gears@coolsmartphone.com|leigh@coolsmartphone.com|contact@coolsmartphone.com,1,6,15,91050538,gadgets-club.com,info@gadgets-club.com,1,0,1,11050616,techdrivein.com,manueljose@techdrivein.com|yazzywrites@gmail.com|techdrivein@gmail.com,1,4,17,131051723,nmk.co.uk,m.hercheui@westminster.ac.uk|editor@nmk.co.uk|m.hercheui @westminster.ac.uk|josephstark84@gmail.com|M.Hercheui@westminster.ac.uk,1,8,24,161053443,maketecheasier.com,writers@maketecheasier.com|damien@maketecheasier.com|yazzywrites@gmail.com,1,6,25,191053501,desizntech.info,info@desizntech.info,1,2,7,51053565,emergingedtech.com,kwalsh@emergingedtech.com|from@emergingtech.com,1,1,3,21053682,johnsonyip.com,,0,0,0,01054067,designbeep.com,,0,0,0,01054068,techi.com,tips@techi.com|jd.rucker.oboy@gmail.com|authors@techi.com|dmiller@steelcast.com||jdrucker.oboy@gmail.com,1,19,54,351054071,soshable.com,jd.rucker.oboy@gmail.com,1,0,2,21054668,slymarketing.com,jens@bergetmarketing.com,1,2,3,11054688,greenfudge.org,guestpost@greenfudge.org.|guestpost@greenfudge.org|info@greenfudge.org,1,0,5,51054771,savagenomads.net,,0,0,0,01055471,webupon.com,,0,0,0,01055592,digitizd.com,david@digitizd.com|willie@rypmarketing.com|misskjackson838@gmail.com|adam@digitizd.com,1,3,14,111055938,itthing.com,contact@itthing.com,1,0,1,11056258,onediy.com,admin@onediy.com,1,0,1,11056862,lehsys.com,napoleonag.tss@gmail.com,1,0,4,41057512,colocationamerica.com,james@colocationamerica.com,1,9,22,131057643,collocationamerica.com, chris@colocationamerica.com|chris@colocationamerica.com,1,6,14,81058669,collegerecruiter.com,William@CollegeRecruiter.com|william@collegerecruiter.com,1,5,17,121058823,bigthink.com,info@bigthink.com|daniel@bigthink.com|willis.tyler@gmail.com|victoria@bigthink.com,1,13,51,381059538,richescorner.com,,0,0,0,01061040,techmaish.com,admin@techmaish.com|techmaish@gmail.com,1,20,45,251061225,bargainsalesdeals.com,,0,0,0,01061915,copypress.com,,0,0,0,01062388,freemake.com,blog@freemake.com|rkarran@copypress.com|jyork@steelcast.com|victoria.kushner@freemake.com|,1,27,65,381062425,thecuezone.com,thecuezone@yahoo.com,1,0,1,11062482,keljeu.com,,0,0,0,01063100,geekazine.com,geekazine@gmail.com,1,4,10,61063379,pluggedin.co.uk,andy@pluggedin.co.uk,1,0,2,21063433,techie-buzz.com,keith@techie-buzz.com|articles@techie-buzz.com|articles@techie-buzz.com.,1,1,18,171063794,nirmaltv.com,nirmal@nirmaltv.com|millerhewrote@gmail.com|tip@nirmaltv.com,1,8,20,121063924,inhabitat.com,jillfehrenbacher@gmail.com|mkchino@gmail.com|editor@inhabitat.com ,1,4,11,71064318,kaptive.co.uk,,0,0,0,01064618,complywise.co.uk,,0,0,0,01064912,websgalore.co.uk,,0,0,0,01065273,thedrilldown.com,submissions@thedrilldown.com|admin@thedrilldown.com,1,6,12,61065596,profiledefenders.com,,0,0,0,01065654,lostintechnology.com,kyle.judkins@www.lostintechnology.com|kyle.judkins@lostintechnology.com|admin@lostintechnology.com|,1,0,8,81065853,techatlast.com,coolcash4live@gmail.com|info@techatlast.com|emgreen85@gmail.com,1,24,70,461066581,pocketfullofapps.com,admin@pocketfullofapps.com|I like you, Aaron.. give me a chance..,1,15,37,221067020,realcleartechnology.com,gscoblete@realcleartechnology.com|gscoblete@realclearworld.com,1,4,12,81067164,biztechmagazine.com,rribeiro@tmgcustommedia.com,1,0,1,11067981,gamasutra.com,dcntrnoc@cmp.com|kgraft@gamasutra.com|kristian.graft@ubm.com,1,2,12,101068754,boothammer.com,Dan@BootHammer.com|dan@boothammer.com,1,12,22,101068852,gameblurb.net,,0,0,0,01069463,dealiciousmom.com,dealiciousmommy@gmail.com|DealiciousMommy@gmail.com,1,26,66,401069465,momstart.com, louise@looksblue.com|louise@looksblue.com|louise@bishop4.com,1,39,109,701071565,searchengine-weblog.com,,0,0,0,01074412,honeytechblog.com,honeytech@gmail.com|honeytechblog.com|honeytechblog@gmail.com,1,0,5,51074512,teknobites.com,ram@teknobites.com,1,0,4,41075534,ecoustics.com,feedback@ecoustics.com |feedback@ecoustics.com|bjm@ecoustics.com,1,1,9,81075715,ebaumnation.com,,0,0,0,01075977,socialtimes.com,neil@socialtimes.com|devon@socialtimes.com|contact@socialtimes.com,1,0,5,51076480,thebudgetdecorator.com, kw.publishing@gmail.com,1,0,1,11076611,bootstrapme.com,,0,0,0,01077121,outsourcing-weblog.com,,0,0,0,01077537,techarta.com,nikhil@techarta.com,1,1,5,41077538,thetechscoop.net,info@thetechscoop.net|info@hicksnewmedia.com|james@hicksnewmedia.com|info@thetechscoop.net ,1,8,33,251077539,yourlifesolution.com,,0,0,0,01077542,dokisoft.com,,0,0,0,01077546,travelguideline.net,webmaster@travelguideline.net,1,61,142,811077575,whitec0de.com,Geek@whitec0de.com|geek@whitec0de.com|admin@whitec0de.com|geek@whitecode.com,1,1,11,101077649,mmablitz.com,,0,0,0,01078032,frostmagazine.com,frostmagazine@gmail.com,1,5,12,71078036,sportmentary.com,support@sportmentary.com,1,9,18,91078080,trak.in,admin@trak.in||arunpd@gmail.com,1,3,12,91078102,techin5.com,editor@techin5.com,1,2,11,91078106,tapscape.com,contact@tapscape.com,1,10,28,181078120,qrcodepress.com,webservice@qrcodepress.com,1,1,4,31078180,handingchao.com,contact@handingchao.com,1,3,8,51078201,phonebuff.com,admin@phonebuff.com|info@phonebuff.com,1,0,3,31078202,wideinfo.org,admin@wideinfo.org,1,2,7,51078225,techweez.com,martin@techweez.com|jspector@steelcast.com,1,13,36,231078233,megeb.com,,0,0,0,01078269,mirolta.com,contact@mirolta.com|mineshrai@mirolta.com,1,14,39,251078302,widefide.com,admin@widefide.com,1,9,24,151078385,tekdig.net,info@tekdig.net,1,5,14,91078438,your-android.de,,0,0,0,01078441,technutty.co.uk,greenneon@hotmail.co.uk,1,3,7,41078442,androidgyan.com,writeforus@androidgyan.com|info@androidgyan.com,1,3,6,31078462,top5mobiles.co.uk,,0,0,0,01078471,thespicygadgematics.com,Contacts@thespicygadgematics.com,1,0,1,11078476,digitalcupcake.net,news@digitalcupcake.net|dewey@digitalcupcake.net|mrmilesyoung@gmail.com,1,1,13,121078489,gadgetmech.com,hello@gadgetmech.com|mrmilesyoung@gmail.com,1,2,18,161078515,techmistry.com,info@techmistry.com|jedmonson@steelcast.com,1,6,23,171078545,exceptnothing.com,m.anirudh18@gmail.com,1,0,2,21078553,snaphow.com,mail@snaphow.com|snaphow@gmail.com| mail@snaphow.com|debajyotidas@live.com,1,11,29,181078556,techwek.com,admin@techwek.com,1,2,7,51078560,avgjoegeek.net,admin@avgjoegeek.net|avgjoe@gmail.com,1,25,47,221078610,dgboost.com,,0,0,0,01078611,geekshut.com,contact@geekshut.com,1,4,13,91078616,armenante.co.uk,,0,0,0,01078642,dazeinfo.com,info@dazeinfo.com,1,0,4,41078652,netmediablog.com,admin@netmediablog.com,1,2,3,11078654,gizmolord.com,die2mrw007@gizmolord.com,1,2,7,51078656,ehowportal.com,bksondagar@gmail.com,1,5,12,71078667,instantfundas.com,admin@instantfundas.com|admin@instantfundas.com |emgreen85@gmail.com|echilds@steelcast.com,1,14,44,301078710,cravingtech.com,michael.aulia@cravingtech.com,1,2,6,41078741,devilsworkshop.org,rahul@devilsworkshop.org,1,0,3,31078777,techetron.com,mushfique786@gmail.com,1,2,6,41078799,vsocio.com,vsocio@hotmail.com|,1,0,5,51078821,vodeblog.com,vodeblog@gmail.com,1,5,18,131078888,itechcode.com,itechcodeguest@gmail.com|amitshaw@itechcode.com,1,4,11,71078961,blogotechblog.com,lalitindoria@blogotechblog.com|ritholtzcapital@optonline.net,1,5,13,81078969,techclap.com,info@techclap.com,1,0,3,31078998,techgyo.com,Sreejesh@TechGyo.com|info@techgyo.com,1,2,5,31079008,techdeville.com,dan@techdeville.com|ali@techdeville.com,1,0,3,31079074,techquark.com,neo@techquark.com,1,25,42,171079122,bubbleindia.com,,0,0,0,01079125,coolestech.com,jseedhouse@steelcast.com|mostafa@coolestech.com,1,3,8,51079158,ogbongeblog.com,jide@ogbongeblog.com,1,1,3,21079162,techomag.com,,0,0,0,01079169,techpatio.com,klaus@techpatio.com,1,2,4,21079170,quertime.com,quertimeteam@gmail.com|quertimeteam@gmail.com),1,10,24,141079237,trickswindow.com,sandeep@trickswindow.com,1,5,12,71079286,gizmocrazed.com,admin@gizmocrazed.com,1,0,2,21079321,pctechbytes.com,pctechbytes@gmail.com|contact@pctechbytes.com|davpurc@gmail.com,1,20,53,331079339,tipsblogger.com,shafar@tipsblogger.com|tipsblogger.com|editor@tipsblogger.com,1,2,7,51079343,techzek.com,Techzekteam@gmail.com|techzekteam@gmail.com|rwhitney@copypress.com,1,7,29,221079347,americanbusinessblog.com,,0,0,0,01079375,techxt.com,sudipto@techxt.com|sudiptomahato@gmail.com,1,4,16,121079381,internet-khazana.com,,0,0,0,01079405,daydaily.com,,0,0,0,01079409,wptidbits.com,admin@wptidbits.com|idsafairis@wptidbits.com,1,0,2,21079417,whatsmyapp.com,editor@whatsmyapp.com|contact@whatsmyapp.com,1,10,26,161079454,techblaster.net,jspector@steelcast.com|newgenerationtechniques@gmail.com,1,4,6,21079576,techinfoblog.net,navin@techinfoblog.net|info@techinfoblog.net|admin@techinfoblog.net,1,0,6,61079581,modernlifeblogs.com,modernlifeblogs@gmail.com|contact@modernlifeblogs.com,1,52,67,151079639,protelp.co.uk,devon.page@live.com,1,0,1,11079641,abctrick.net,info@abctrick.com|fariha@abctrick.net|reyad@abctrick.com,1,4,19,151079642,linkedandloaded.com,,0,0,0,01079643,professionaljourney.com,procareertips@gmail.com,1,0,3,31079668,imtechnonews.com,,0,0,0,01079705,xtendedview.com,tushar@xtendedview.com,1,9,22,131079821,techinfo-4u.com,info@techinfo-4u.com,1,2,9,71079859,ansonalex.com,AnsonA4@gmail.com|ansona4@gmail.com|ansonalex.com|webmaster@AnsonAlex.com,1,17,38,211079942,mobirolla.com,,0,0,0,01079968,browsermedia.co.uk,,0,0,0,01079981,jasonbartholme.com,,0,0,0,01080032,discusstech.org,,0,0,0,01080142,dailyblogging.org,mani0993@gmail.com,1,0,2,21080175,esdmusic.com,,0,0,0,01080303,onlinewebapplication.com,itpankaj@gmail.com,1,0,2,21080350,thegrizasonline.com,yimvirak@gmail.com| yimvirak@gmail.com,1,9,25,161080430,gadgetblaze.com,,0,0,0,01080432,theapptimes.com,editor@theapptimes.com,1,10,27,171080477,reviewsongadgets.com,reviewsongadgets@gmail.com,1,1,2,11080512,techmash.co.uk,da@techmash.co.uk|mr.mash@techmash.co.uk|david.allen@techmash.co.uk| mr.mash@techmash.co.uk,1,5,16,111080803,littleabout.com,littleabout@gmail.com|inbox@allwomenstalk.com|jennifer@sweeptight.com,1,22,64,421080960,hellboundbloggers.com,pradeep@hellboundbloggers.com,1,2,5,31081176,thebluedot.net,,0,0,0,01081494,iphoneglance.com,,0,0,0,01081530,spiceupyourblog.com,paul@spiceupyourblog.com,1,9,23,141082308,mytimemattersblog.com,,0,0,0,01082424,esoftload.info,contact@esoftload.info,1,0,1,11082493,notesofgenius.com,writers@notesofgenius.com|MalindaAlahakoon@gmail.com,1,2,5,31082937,windowslifestyle.com,windowslifestyle@msn.com,1,0,1,11083028,collegeadviceblog.com,,0,0,0,01083293,theitechblog.com,contact@namitgupta.com,1,8,20,121083497,techjunoon.com,mttb814@gmail.com,1,0,1,11083957,gametweeps.com,,0,0,0,01084216,techmehigh.com,Support@techmehigh.com,1,2,6,41084275,xinz.org,,0,0,0,01084327,technologybloggers.org,jonny@technologybloggers.org,1,0,1,11084434,labho.com,labho.com@gmail.com|shirazalimultan@gmail.com,1,6,16,101084572,webaholic.co.in,,0,0,0,01084601,gadgetsboy.co.uk,gadgets@gadgetsboy.co.uk,1,3,10,71084627,chaetakadai.com,,0,0,0,01084698,konoozi.com,,0,0,0,01084715,geeksuper.com,,0,0,0,01085051,eteknix.com,,0,0,0,01085151,excitebuzz.com,guest@excitebuzz.com|admin@excitebuzz.com,1,5,12,71085278,gsmtweet.com,gsmtweet@gmail.com|yazzywrites@gmail.com,1,18,39,211085317,wikiforu.com,,0,0,0,01085539,sparkyhub.com,admin@sparkyhub.com,1,0,1,11085679,techmissile.com,abejith@hotmail.com|admin@techmissile.com,1,3,9,61085763,thadthoughts.com,Best Ways to Improve Vacation by Technology|tlpintpe@gmail.com,1,1,3,21085839,technewsarm.com,admin@technewsarm.com|tom@armenante.co.uk|alucas@copypress.com,1,20,48,281085889,detroitmomandherviews.com,,0,0,0,01085934,bluesqaretips.com,bharath@bluesqaretips.com,1,15,35,201085937,unfinishedman.com,tim@unfinishedman.com|chad@unfinishedman.com,1,16,41,251085939,neverstoptraveling.com,editor@neverstoptraveling.com|jim@neverstoptraveling.com,1,33,49,161085946,softechnogeek.com,sonyshreemadhan@gmail.com,1,0,1,11085979,webmagz.net,,0,0,0,01086039,jetsetera.net,info@jetsetera.net|k@kimberlyfisher.com,1,14,35,211086055,tourist-destinations.com,info@tourist-destinations.com,1,20,47,271086090,hawaii-aloha.com,bruce@hawaii-aloha.com|blogeditor@hawaii-aloha.com|navaresa@gmail.com,1,7,20,131086109,channelvoyager.com,ljuben.georgiev@gmail.com|deepkalra91@gmail.com|info@channelvoyager.com|alucas@copypress.com,1,16,38,221086119,realadventures.com,,0,0,0,01086132,vacationandtravelphotos.com,joao.lixo@gmail.com,1,7,18,111086185,exoticvisitors.com,,0,0,0,01086212,hotelsescape.com,sunil@kiksmedia.com|sunil@orlandoescape.com,1,3,7,41086253,wearetraveller.com,contact@wearetraveller.com,1,9,21,121086278,travelofix.com,,0,0,0,01086372,amberrisme.com,,0,0,0,01086387,vietnamandcambodia.com,adam@vietnamandcambodia.com,1,4,9,51086395,theadventourist.com,nikita@theadventourist.com|ngoldovsky@gmail.com|nikita(AT)theadventourist.com,1,9,26,171086406,expatsinspain.co.uk,,0,0,0,01086421,lifecruiser.com,lifecruisertravel@gmail.com,1,17,37,201086472,trifter.com,,0,0,0,01086498,travelfreak.com,steven@travelfreak.com|info@travelfreak.com|steven@m80marketing.com,1,8,27,191086711,dominica-weekly.com,dominicaweekly@gmail.com,1,7,19,121086817,lifeandexperiences.com,munmun@lifeandexperiences.com|munmun@klmnweb.com,1,7,14,71086919,dailymorningcoffee.com,dailymorningcoffee@gmail.com,1,2,9,71087065,thesmartgirlstravelguide.com,johnny@thesmartgirlstravelguide.com,1,3,6,31087380,vuthasurf.com,,0,0,0,01087425,travelentz.com,admin@travelentz.com,1,26,48,221087443,travelyourassoff.com,,0,0,0,01087459,universalfinances.com,,0,0,0,01087557,theteachingbox.com,loren@insidethecomputer.com,1,7,17,101087564,theonlinecentral.com,admin@theonlinecentral.com|joniel@theonlinecentral.com|,1,0,4,41087606,personalfinanceopinions.com,denny@personalfinanceopinions.com,1,1,4,31087637,serenityhealth.com,customerservice@serenityhealth.com|nmitchell@glstores.com|info@serenityhealth.com,1,7,19,121087640,getfinancialfreedomtips.com,denny@getfinancialfreedomtips.com,1,2,6,41087653,motorlogy.com,,0,0,0,01087877,techprone.com,contact@techprone.com,1,0,1,11087947,realsuburbanmummy.com,ramblingsofasuburbanmummy@mail.com,1,0,1,11088007,techsling.com,info@techsling.com,1,8,15,71088553,mommypr.com,Angela@MommyPR.com|andrea@mommypr.com,1,0,2,21088602,maiden-voyage-travel.com,johnny@maiden-voyage-travel.com,1,1,2,11088724,inspiredm.com,hello@inspiredm.com,1,5,13,81088726,inspirationfeed.com,inspirationfeed@yahoo.com,1,19,43,241088736,freelanceswitch.com,,0,0,0,01088754,whatculture.com,editor@whatculture.com|simon@whatculture.com,1,1,3,21088761,thatvideogameblog.com,,0,0,0,01088771,bigshinyrobot.com,admin@bigshinyrobot.com,1,0,1,11088888,fearlessgamer.com,fearlessgamerstaff@gmail.com,1,0,2,21089314,izismile.com,advert@izismile.com,1,0,1,11089650,tech-trip.com,mail@tech-trip.com,1,17,32,151090482,letusbuzz.com,,0,0,0,01090641,allyouneedislists.com,,0,0,0,01091191,adventuresinpoortaste.com,contact@adventuresinpoortaste.com,1,0,3,31091230,trinikid.com,binctrinikid@gmail.com,1,3,5,21091425,horse-racingtips.com,kaufmanjsk@yahoo.com,1,2,5,31091577,thecollegedriver.com,zeid@thecollegedriver.com|corey@thecollegedriver.com,1,29,68,391091665,roadsister00.com,editor@roadsisteroo.com|editor@roadsister00.com|roadsister00@gmail.com,1,15,37,221091698,sensethecar.com,sensethecar@gmail.com,1,8,18,101091728,dashboardnews.com,dashboardstaff@gmail.com,1,0,6,61091919,greenerideal.com,info@greenerideal.com,1,2,5,31092084,financecareguide.com,peter@financecareguide.com|info@financecareguide.com,1,54,119,651092226,yellowtennessee.com,YellowTennessee@yahoo.com|yellowtennessee@yahoo.com,1,2,7,51092242,justaguything.com,info@justaguything.com,1,0,3,31093350,checklistmag.com,admin@soeventsconcepts.com |checklistmag@soeventsconcepts.com|admin@soeventsconcepts.com,1,2,7,51093379,justluxe.com,robg@eclubusa.com,1,0,1,11093390,travelblat.com,info@travelblat.com,1,6,15,91093394,thetravelguru.org,,0,0,0,01093398,bookyourdive.com, rutger@bookyourdive.com,1,0,1,11093402,southamericatourist.com,jasmine@southamericatourist.com,1,2,5,31093403,tripsmagazine.com,garet@sandesa.com,1,0,2,21093406,linotravel.com,,0,0,0,01093423,1busymoma.com,onebusymoma@gmail.com|onebusymoma@comcast.net,1,71,158,871093433,cbweekly.com,,0,0,0,01093437,cyber-knowledge.net,,0,0,0,01093442,dreamtoursandtravels.com,,0,0,0,01093443,edullinenwebhotelli.com,,0,0,0,01093445,essistme.com,,0,0,0,01093459,matterofcents.net,bella0421@msn.com,1,0,1,11093465,momdoesreviews.com,,0,0,0,01093467,mommywholovesgiveaways.net,,0,0,0,01093468,momvantage.net,jessie@momvantage.net,1,23,56,331093475,notsoaveragemama.com,Brandy@notsoaveragemama.com|brandy@notsoaveragemama.com,1,45,97,521093476,onescrappymom.com,Onescrappymom@gmail.com|onescrappymom@gmail.com|bobbie@onescrappymom.com,1,15,32,171093481,psdesignzone.com,,0,0,0,01093494,texas-sweetie.com,bisdak07@yahoo.com,1,3,7,41093500,thefreebiejunkie.com,AddictedtoFreebies@gmail.com|addictedtofreebies@gmail.com,1,2,6,41093505,barbershopblog.com,,0,0,0,01093508,bottomlinefitness.com,,0,0,0,01093509,celebrityteaser.com,,0,0,0,01093510,chinablitz.com,,0,0,0,01093511,cleveland.scoresreport.com,,0,0,0,01093512,golflifestyleblog.com,,0,0,0,01093513,medclient.com,,0,0,0,01093514,mikeyskitchen.com,,0,0,0,01093515,northcoastblog.com,,0,0,0,01093516,opportunitygrows.com,opportunitygrows@gmail.com,1,2,4,21093517,pantrydiaries.com,,0,0,0,01093518,premiumhollywood.com,premiumhollywood@gmail.com,1,0,2,21093519,realmenreadcomics.com,,0,0,0,01093520,scoresreport.com,gerardo.orlando@sbcglobal.net,1,1,2,11093521,securityvsprivacy.com,,0,0,0,01093522,soccer.scoresreport.com,,0,0,0,01093523,toksick.com,gerardo.orlando@sbcglobal.net,1,4,11,71093525,blog.bullz-eye.com,seniorstaff@bullz-eye.com,1,1,2,11093526,checkbooknews.com,checkbooknews@gmail.com,1,0,1,11093527,joeunleashed.com,,0,0,0,01093529,01-flash-web-templates.com,,0,0,0,01093530,79tt.com,,0,0,0,01093534,appbeta.com,,0,0,0,01093535,attributesgifts.com,,0,0,0,01093536,avatarcorner.com,,0,0,0,01093538,bauer-car-rental-europe.com,info@bauer-car-rental.com|,1,0,3,31093540,bonniermusic.net,,0,0,0,01093541,browsio.com,,0,0,0,01093542,cellphoneplus.co.uk,,0,0,0,01093543,clever-camper.com,sales@clever-camper.com,1,0,1,11093545,coolpicking.com,,0,0,0,01093546,cso-bgro.net,,0,0,0,01093547,elkmont-gmpa-ea.com,,0,0,0,01093548,flyaway-weblog.com,,0,0,0,01093553,granazulmagazine.com,,0,0,0,01093554,hidden-travel-gems.com,,0,0,0,01093556,icictsa.com,,0,0,0,01093557,ipodnetworks.com,,0,0,0,01093559,isolditonline.co.uk,,0,0,0,01093560,kemira-agro.com,,0,0,0,01093562,m2cross.com,,0,0,0,01093563,mackinacconference.com,,0,0,0,01093566,mobilephone-sites.co.uk,,0,0,0,01093568,nanotechbuzz.com,,0,0,0,01093570,pierwalk.org,,0,0,0,01093572,shinforma.com,,0,0,0,01093573,shopneo.co.uk,,0,0,0,01093576,tech-intelligence.com,,0,0,0,01093577,telfordmedia.co.uk,,0,0,0,01093578,tomboy-films.co.uk,,0,0,0,01093579,tropic-location.com,,0,0,0,01093580,ukagentsonline.co.uk,,0,0,0,01093581,vorwerk-stengel.com,,0,0,0,01093582,wappblog.com,info@wappblog.com,1,0,1,11093583,web2weblog.com,,0,0,0,01093584,wiredhome-weblog.com,,0,0,0,01093587,hivehealthmedia.com,admin@hivehealthmedia.com,1,6,12,61093640,biznik.com,info@biznik.com,1,0,4,41093641,seodesk.org,admin@seodesk.org,1,1,2,11093662,brandwatch.com,contact@brandwatch.com,1,0,3,31093669,blogsuccess.com,admin@blogsuccess.com,1,0,1,11093675,bloggingcage.com,kulwantnagi2003@yahoo.com,1,1,5,41093676,techattitude.com,submit@techattitude.com,1,1,6,51093677,earningdiary.com,lakhyajyoti@earningdiary.com,1,0,1,11093709,cleverzebo.com,joshandigor@cleverzebo.com|josh@cleverzebo.com|echilds@steelcast.com,1,19,43,241093721,android.blogvasion.com,contact@blogvasion.com,1,0,1,11093727,thirtysixmonths.com,marissa@thirtysixmonths.com|jspector@steelcast.com,1,5,13,81093736,mydebtsite.com,david@mydebtsite.com|jspector@steelcast.com,1,1,3,21093748,getliquid.com,post@getliquid.com|max@maxjaffe.com,1,3,7,41093751,earningfreemoney.com,,0,0,0,01093752,success-ladder.com,admin@success-ladder.com,1,1,3,21393781,groomsdayblog.com,,0,0,0,01394057,charotero.blogspot.com,,0,0,0,01394064,waystosaveenergy.co.uk,,0,0,0,01394343,weblog.wcscnet.com,ewillies@wcscnet.com,1,0,1,11394345,windowsdevelopertools.com,,0,0,0,01394347,wpx.us,,0,0,0,01394349,yeahmom.com,,0,0,0,01394351,thriftymom613.com,thriftymom613@yahoo.com,1,0,1,11394629,moneysavingsecretsblog.com,JennBilly@gmail.com|jennbilly@gmail.com,1,25,53,281394630,tech.chitgoks.com,,0,0,0,01394631,tech2date.com,editor@tech2date.com|admin@tech2date.com,1,3,7,41394632,techbuzzonline.com,jane.techbuzzonline@gmail.com|admin@techbuzzonline.com|contact@techbuzzonline.com|info@techbuzzonline.com,1,17,40,231394908,thefretwire.com,,0,0,0,01410309,traveldudes.org,,0,0,0,01468621,travelated.com,rease@travelated.com|alex@travelated.com|editor@travelated.com,1,0,5,51468623,onestep4ward.com,johnny@onestep4ward.com,1,0,1,11486256,financefox.ca, financefoxx@gmail.com|belle@infinitenine.com|financefoxx@gmail.com,1,1,4,31486259,passiveincometoretire.com,,0,0,0,01486260,thewisdomjournal.com,,0,0,0,01486266,wellkeptwallet.com,,0,0,0,01486377,50plusfinance.com,50plusfinance@gmail.com|jspector@steelcast.com,1,28,66,381486428,mydebtreliefplan.com,denny@mydebtreliefplan.com|,1,0,3,31486445,fatwallet.com,,0,0,0,01486595,smallbizcounseldaily.com,robert.rogers@corallaw.com,1,0,1,11486621,aaronhung.com,,0,0,0,01486700,thefamilyfinances.com,Justin@thefamilyfinances.com|justin@thefamilyfinances.com,1,24,66,421486732,moneybold.com,,0,0,0,01486932,gomestic.com,,0,0,0,01487087,simafore.com,info@simafore.com|brd@simafore.com,1,10,23,131487513,game-inventor.de,,0,0,0,01487611,investmentsandmoney.com,,0,0,0,01489463,leavedebtbehind.com,,0,0,0,01490112,frugalentrepreneur.com,thefrugalentrepreneur@gmail.com,1,5,20,151490823,momslivingthrifty.com,admin@momslivingthrifty.com,1,1,8,71490854,3boysandadog.com,momof3boys3702@mchsi.com|Kelli@3boysandadog.com|kelli@3boysandadog.com,1,3,8,51491688,myinformationsite.net,,0,0,0,01491839,bellenews.com,contact@bellenews.com|nancy@email.bellenews.com|ricky@email.bellenews.com,1,6,15,91551304,dakotatraveler.com,jakethedakotatraveler@gmail.com,1,0,1,11557413,globaltravelguide.co.uk,,0,0,0,01559356,travelbyhere.com,travelbyhere@gmail.com,1,0,1,11564085,worldwidetravelguide.co.uk,,0,0,0,01565764,travelsguideonline.com,,0,0,0,01569361,blog.touristeye.com,support@touristeye.com,1,0,1,11570479,gaytravel.com,editor@gaytravel.com,1,0,3,31656221,fashionox.com,info@fashionox.com,1,0,1,11656552,geniusbeauty.com,admin@geniusbeauty.com,1,0,1,11656855,workitmom.com,,0,0,0,01656867,meandmykiddywinks.co.uk,faye@meandmykiddywinks.co.uk|jsjen01@hotmail.com,1,33,72,391710838,usfriendsofchalmers.com,rajupenu12@gmail.com,1,26,61,351711947,womentravelblog.com,rosemary@womentravel.info,1,5,11,61711948,chaacreek.com,tony@bze.net|marketing@chaacreek.com,1,0,2,22038623,winesworld.com,mail@winesworld.net|morten@winesworld.net,1,4,11,72053772,aussieontheroad.com,CWBush83@gmail.com|cwbush83@gmail.com,1,4,12,82135208,ppc.org,,0,0,0,02135313,bloggerspassion.com,info@bloggerspassion.com,1,0,1,12135366,bubble-jobs.co.uk,info@bubble-jobs.co.uk,1,0,1,12135524,startuptoday.co.uk,admin@startuptoday.co.uk|Admin@startuptoday.co.uk,1,19,47,282135663,grahamjones.co.uk,graham@grahamjones.co.uk,1,5,12,72135680,donnygamble.com,admin@donnygamble.com,1,3,8,52135761,comerecommended.com,,0,0,0,02189984,zacktravel.com,,0,0,0,02214293,whatsdabuzz.com,anah@whatsdabuzz.com,1,2,5,32214306,realestatecommunities.com,,0,0,0,02280593,dailytekk.com,dailytekk@gmail.com,1,0,1,12306998,instructables.com,ed@instructables.com,1,0,1,12528836,artatm.com,admin(@)artatm.com|admin@artatm.com|jseedhouse@steelcast.com,1,18,42,242528945,sparkmylife.com,admin@sparkmylife.com,1,6,15,92529259,bloggiks.com,info@bloggiks.com||Info@bloggiks.com,1,1,8,72529275,web2andmore.net,kevin.tea@web2andmore.net,1,2,4,22529281,techlila.com,rajesh@namase.com,1,1,3,22529371,smashpixels.com,,0,0,0,02529406,exeideas.com,admin@exeideas.tk,1,0,1,12529608,digitalsensus.com,contactus@digitalsensus.com|info@digitalsensus.com|neeraj@digitalsensus.com,1,7,16,92529644,andysowards.com,,0,0,0,02529780,tutorialfeed.org,rakesh.sharma2409@gmail.com,1,3,7,42529999,digitizor.com,mailman@digitizor.com|debjitsaha87@gmail.com|debjit@digitizor.com,1,2,8,62530030,thedripple.com,,0,0,0,02530174,suckmytrend.com,ash@suckmytrend.com,1,1,5,42595745,getholistichealth.com,,0,0,0,02595981,health-club.org,atlantic.commerce@mail.bg,1,2,4,22596353,rolemommy.com,Beth@rolemommy.com|beth@rolemommy.com|beyondpr@gmail.com ,1,0,8,82596430,feelgoodtime.net,,0,0,0,02596461,abidings.com,matthewjones840@gmail.com,1,1,4,32596789,malestandard.com,info@malestandard.com,1,3,13,102596831,beautyandgroomingtips.com,beautyandgrooming@gmail.com,1,7,14,72596870,earnestparenting.com, amyl@earnestparenting.com|amyl@earnestparenting.com,1,19,42,232596878,parentinginformer.com,admin@parentinginformer.com|parentinginformer@gmail.com,1,2,5,32596919,momitforward.com,momitforward@gmail.com|jillgreenlaw@momitforward.com,1,27,74,472597099,scienceray.com,,0,0,0,02597119,familyfocusblog.com,familyfocusblog@gmail.com|momswearyourtees@gmail.com,1,28,65,372597942,homejobsbymom.com,Krystle@homejobsbymom.com| Krystle@homejobsbymom.com|princess8120@aol.com,1,3,8,52597962,juliecallaway.com,,0,0,0,02597968,ceoofmeinc.com,,0,0,0,02598200,toptenpk.com,gsmtweet@gmail.com,1,9,23,142598236,top10hm.com,,0,0,0,02598612,dynamitelessonplan.com,rileycentral@gmail.com|contact@rileycentral.net|damien@rileycentral.net,1,50,114,642601138,startedsailing.com,,0,0,0,02601645,beautyfornormalwomen.com,,0,0,0,02604919,walkingnewspaper.com,,0,0,0,02605678,textbookmommy.com,textbookmommy@gmail.com,1,0,3,32606455,mommybunch.com,mothersofactivechildrennow@gmail.com,1,0,1,12607304,littlecrunchy.com,littlecrunchy@gmail.com,1,0,1,12607538,doomsdaymoose.com,mooseskinner@doomsdaymoose.com,1,6,13,72610612,bohemiantravelers.com,,0,0,0,02611087,sustainablog.org,sustainablog@gmail.com,1,0,4,42611213,millennialliving.com,info@millennialliving.com,1,2,3,12611316,momsbalancingact.com,jenna@momsbalancingact.com,1,42,80,382611337,jennytalks.com,,0,0,0,02611594,thriftyniftymommy.com,thriftyniftymommy@yahoo.com,1,35,79,442620453,guest-travel-writers.com,,0,0,0,02622355,cruiseradio.net,Doug@CruiseRadio.net|doug@CruiseRadio.net|Matt@CruiseRadio.net| Doug@CruiseRadio.net|doug@cruiseradio.net|douglaspar@gmail.com,1,7,22,152694969,chriscruises.net,Chris@ChrisCruises.net,1,0,4,42760325,boomer-blog.com,dadepfan@desautel.net,1,1,3,22763037,bluetrips.co.uk,,0,0,0,02763038,autoban-delaespada.com,,0,0,0,02763039,bizplanhacks.com,admin@bizplanhacks.com|info@bizplanhacks.com,1,0,2,22763040,digitalcinema-europe.com,,0,0,0,02763041,bizinformer.com,raik@creative-weblogging.com,1,0,1,12763042,wilshirepr.com,,0,0,0,02763043,iradeon.com,,0,0,0,02773887,ilyasalkindcompany.com,,0,0,0,02773888,minkmedia.com,domains@minkmedia.com,1,0,1,12773889,bellglobemedia.com,,0,0,0,02773890,merco-sur.net,,0,0,0,02773891,smallbizunplugged.com,,0,0,0,02810484,thetravelpixie.com,windywanderer@yahoo.com ,1,0,1,12812497,stunningmesh.com,stunningmesh@yahoo.com|kerry.can.write@gmail.com,1,3,11,82812561,onetravelbloggers.com,,0,0,0,02827455,connecteddigitalworld.com,admin@connecteddigitalworld.com,1,0,2,22828522,itsalltech.com,edgar@itsalltech.com,1,17,39,222828531,weltdertechnik.de,,0,0,0,02829021,blogwithmom.com,chat@blogwithmom.com|bobbiemunsey@gmail.com|blogwithmomdiane@gmail.com|louise@bishop4.com,1,244,545,3012829073,gearburn.com,submit@memeburn.com|editor@memeburn.com|info@memeburn.com|steven@memeburn.com|dmiller@steelcast.com,1,27,68,412829075,weblogit.net,,0,0,0,02829382,bloggerspath.com,admin@bloggerspath.com,1,0,1,12829618,howtolearn.com,debra@howtolearn.com|dwinter.howtolearn@gmail.com|echilds@steelcast.com,1,5,12,72830682,designinstruct.com,designinstruct@gmail.com|info@designinstruct.com,1,1,3,22831426,slrlounge.com,pye@slrlounge.com|chris@slrlounge.com|contact@slrlounge.com,1,15,41,262831997,skyje.com,ayman2it@gmail.com,1,7,16,92832135,geeknizer.com,contact@geeknizer.com|taranfx@gmail.com|geeknizer.com,1,5,20,152832138,hannes-schurig.de,,0,0,0,02832951,cestdanslavallee.com,,0,0,0,02834023,holytaco.com,,0,0,0,02834281,techiezlounge.com,,0,0,0,02834333,inspirefirst.com,,0,0,0,02834882,creativehomemaking.com,rachel@creativehomemaking.com,1,0,2,22835228,socialh.com,ayman2it@gmail.com|jennifer.buggica.tampa@gmail.com,1,13,31,182835266,memeburn.com,info@memeburn.com|stuart@memeburn.com|submit@memeburn.com|editor@memeburn.com|forkpartydotcom@gmail.com|dmiller@steelcast.com,1,10,31,212835945,thejanedough.com,tips@thejanedough.com|sarah@mediaite.com|info@TheJaneDough.com,1,5,15,102835969,iheartchaos.com,,0,0,0,02836378,mobileorchard.com,team@mobileorchard.com|czorzini@gmail.com,1,2,15,132836566,smartboydesigns.com,christian@christianhollingsworth.com|christian@smartboydesigns.com|CHRISTIAN_HOLLINGSWORTH@yahoo.com,1,2,10,82837724,terablog.de,,0,0,0,02837855,austinforchange.com,,0,0,0,02838667,succeedasyourownboss.com,smallbizlady@gmail.com,1,8,28,202838874,mobilitydigest.com,doug@simmonsit.com,1,0,2,22838901,designyoutrust.com,designyoutrust@gmail.com,1,1,3,22839723,thesmokingjacket.com,,0,0,0,02840825,brightsideofnews.com,info@brightsideofnews.com|theo@brightsideofnews.com,1,1,5,42841524,starpulse.com,,0,0,0,02841654,androidflip.com,contact@androidflip.com,1,1,3,22841707,mytechquest.com,steveyu85@gmail.com|contact@mytechquest.com,1,2,4,22842796,icanhasinternets.com,ICHInternets@gmail.com|ichinternets@gmail.com,1,0,2,22842936,technologytell.com,jcotter@napco.com|mmarchesano@napco.com|dburger@hometechtell.com,1,3,13,102842942,handy-tests.net,,0,0,0,02844954,hitsquad.com,jason@hitsquad.com,1,2,8,62846654,theonlinemom.com,theeditor@theonlinemom.com|paul@theonlinemom.com,1,17,38,212846697,justmarriedwithcoupons.com,,0,0,0,02846970,familiesonlinemagazine.com,,0,0,0,02847668,thegoodhuman.com,david@thegoodhuman.com|David@thegoodhuman.com,1,5,15,102847675,thisthatandthemba.com,thisthatandthemba@gmail.com,1,20,42,222847677,austinhomelistings.com,michael@reillyrealtors.com,1,1,2,12847707,marsattacksfan.com,,0,0,0,02847825,zentodone.eu,,0,0,0,02850918,geeklesstech.com,shughes@geeklesstech.com|stevenbhughes@gmail.com,1,8,23,152850969,allpics4u.com,,0,0,0,02851210,heavy.com,tips@heavy.com|dennis.m@heavy.com|aaron@heavy.com|matt.brown@heavy.com,1,0,4,42851277,demortalz.com,admin@demortalz.com,1,2,4,22851355,skytechgeek.com,admin@skytechgeek.com|info@skytechgeek.com,1,0,2,22851803,neontommy.com,eparra@usc.edu|eric.parra@neontommy.com|news@neontommy.com|shoutout@neontommy.com,1,10,25,152852214,allvoices.com,info@allvoices.com|info@allvoices.comH,1,0,4,42852803,megatechnews.com,,0,0,0,02853307,bloggersentral.com,gatekeeper@bloggersentral.com| gatekeeper@bloggersentral.com,1,1,3,22854713,inspiredology.com,mikejon.p@gmail.com|chad@projekt19.com|chad@chadmueller.com|hello@inspiredology.com,1,24,56,322854789,socialwebqanda.com,,0,0,0,02854798,freakify.com,admin@freakify.com,1,2,4,22854809,techtricksworld.com,atish@techtricksworld.com,1,2,10,82855314,aksindiblog.com,aks4u2007@gmail.com,1,1,2,12856877,technoblogger.net,aviatwebz@gmail.com|,1,51,121,702857328,everywheremag.com,,0,0,0,02857714,snappygo.com,info@snappygo.com,1,0,3,32857799,allconnect.com,webmaster@allconnect.come|partners@allconnect.com|webmaster@allconnect.com,1,0,5,52857812,zipsetgo.com,admin@zipsetgo.com,1,1,11,102858248,nil2million.com,nil2millioncom@gmail.com| nil2millioncom@gmail.com|nash@nil2million.com,1,1,7,62858255,shescribes.com,SheScribes@Optonline.net|SheScribes@optonline.net|shescribes@optonline.net,1,29,61,322858272,golfandcourse.com,guestposts@golfandcourse.com,1,1,4,32858276,hey-lorri.com,,0,0,0,02858308,blog4safety.com,sales@tasco-safety.com|sales@tasco-safety.com    |sales@tasco-safety.com |pat@tasco-safety.com,1,24,61,372858329,muminthemadhouse.com,mail@jenwalshaw.co.uk,1,0,3,32858402,travelerspress.com,info@travelerspress.com,1,21,52,312858430,greattravels.co.uk,info@greattravels.co.uk,1,0,1,12858506,motivatingmum.co.uk,debbie@motivatingmum.co.uk,1,1,6,52859651,maxblogtips.com,newsclerks@gmail.com,1,1,3,22860092,allthemedia.de,,0,0,0,02860899,cleantechnica.com,admin@cleantechnica.com,1,0,2,22863469,media-match.com,,0,0,0,02864236,pcmasters.de,,0,0,0,02864875,socyberty.com,,0,0,0,02865131,techgeeze.com,tonsblogger@gmail.com,1,41,101,602865975,thinkcomputers.org,inquiries@thinkcomputers.org,1,0,1,12865983,dirks-computerecke.de,,0,0,0,02865994,computersight.com,,0,0,0,02866257,personalfinancemastery.com,peter@personalfinancemastery.com,1,0,1,12869419,tutorialspoint.com,webmaster@tutorialspoint.com|amrood.admin@gmail.com,1,11,29,182872272,dailystrength.org,,0,0,0,02873394,inmobi.com,didig@prodigy.net.mx,1,0,1,12873589,fin24.com,,0,0,0,02874412,gizbot.com,gizbot@oneindia.co.in|akansha.s@oneindia.co.in,1,8,26,182878681,twago.de,,0,0,0,02882967,thedailymuse.com,editor@thedailymuse.com|editor@thedailymuse.com ,1,0,4,42886438,redbalcony.com,,0,0,0,02887641,techulator.com,,0,0,0,02889915,brosome.com,,0,0,0,02890018,policymic.com,jhorowitz@policymic.com|feedback@policymic.com|caira@policymic.com,1,0,4,42890220,tcmag.com,tcmag.com@gmail.com,1,0,1,12891574,infographicsarchive.com,,0,0,0,02892336,women24.com,chatback@women24.com|dns-admin@media24.com,1,2,9,72893515,theepochtimes.com,johntang@epochtimes.com,1,0,3,32898551,funtasticus.com,,0,0,0,02898920,all-that-is-interesting.com,pbhnetwork@gmail.com,1,1,5,42902162,blogbydonna.com,contact@blogbydonna.com| contact@blogbydonna.com,1,0,5,52902238,techgau.org,info@techgau.org,1,0,1,12902404,acadianasthriftymom.com,rachel@acadianasthriftymom.com,1,0,1,12903020,finehomebuilding.com,fh@taunton.com,1,0,1,12903528,tricksmachine.com,vishalgaikar@gmail.com,1,21,45,242903749,bizcovering.com,,0,0,0,02904587,forkparty.com,forkpartydotcom@gmail.com,1,0,1,12906753,pbh2.com,,0,0,0,02907171,socialblogr.com,,0,0,0,02909109,rsvlts.com,tips@RSVLTS.com,1,0,2,22911698,peazyshop.co.uk,peazyshop@googlemail.com,1,0,1,12912626,doubleviking.com,,0,0,0,02913071,loveinfographics.com,,0,0,0,02913757,modernmom.com,info@modernmom.com|megan@modernmom.com|jenn@modernmom.com,1,13,32,192915360,women2.com,editor@women2.com|editor@women2.org,1,1,4,32917726,nerdreactor.com,Jnguyen@nerdreactor.com|Mvillarreal@nerdreactor.com|jnguyen@nerdreactor.com|charliradke@gmail.com|info@nerdreactor.com,1,8,23,152921249,all-notes.com,admin@all-notes.com,1,1,2,12921366,mobitowns.com,usmanqamar786@gmail.com |admin@MobiTowns.com|info@MobiTowns.com,1,0,3,32922175,windowstalk.org,james@windowstalk.org,1,2,4,22924262,freshtechweb.com,freshtechweb@gmail.com,1,5,14,92924415,skyhitblog.com,avijit@skyhitblog.com,1,2,5,32924641,worldwideinterweb.com,wwinterweb@gmail.com.|wwinterweb@gmail.com,1,0,3,32926399,deda-studios.com,,0,0,0,02926513,moderndignity.com,mail@moderndignity.com,1,1,6,52928634,geekdashboard.com,amar@geekdashboard.com |geekdashboard@gmail.com,1,3,6,32929394,blogsdaddy.com,admin@blogsdaddy.com|gagan.masoun@gmail.com,1,0,4,42929715,havesippywilltravel.com,,0,0,0,02929913,techieapps.com, marketing@techieapps.com|marketing@techieapps.com,1,1,6,52931312,homeforgeeks.com,sumoni@homeforgeeks.com,1,0,5,52932895,blogtipsntricks.com,,0,0,0,02933443,infographicsshowcase.com,,0,0,0,02934668,creativeguerrillamarketing.com,info@creativeguerrillamarketing.com,1,2,9,72935588,diydoctor.org.uk,office@diydoctor.org.uk,1,0,1,12936328,mizozo.com,register@mizozo.org|mizozo.com@gmail.com,1,3,8,52936451,staugustine.com,,0,0,0,02937319,techiestate.com,rajupenu12@gmail.com,1,5,19,142940857,planetsave.com,,0,0,0,02941461,solarfeeds.com,,0,0,0,02941707,travelerstoday.com,info@travelerstoday.com|mcfadden@travelerstoday.com|k.mcfadden@travelerstoday.com,1,4,17,132942094,whatuni.com,,0,0,0,02946463,blackberryempire.com,,0,0,0,02947089,bdaily.co.uk,editor@bdaily.co.uk|fiona.kay@bdaily.co.uk|graham.vincent@bdaily.co.uk,1,28,63,352947311,tecknobuzz.com,saadasad77@gmail.com,1,7,13,62948001,plumcrazyaboutcoupons.com,,0,0,0,02948630,kidsumers.ca,sam@kidsumers.ca|kidsumers@gmail.com,1,47,98,512949009,socialvani.com,,0,0,0,02949559,nibletz.com, kyle@nibletz.com|kyle@nibletz.com,1,16,42,262949816,allsitelist.com,,0,0,0,02950415,newbizshop.com,,0,0,0,02950964,ways2gogreen.com,contact_us@ways2gogreen.com,1,2,4,22951326,informationgateway.org,publisher@informationgateway.org| publisher@informationgateway.org|publisher@informationgateway.org.|brian.ginter@southern-air.com,1,6,33,272951878,techybloggerz.com,techybloggerz@gmail.com|info@techybloggerz.com,1,0,4,42954886,proseoexpert.com,,0,0,0,02954916,leaderswest.com,jim@leaderswest.com,1,6,14,82958033,adventuresof8.com,Adventuresof8@yahoo.com,1,0,1,12960116,toptenfamous.com,wm@toptenfamous.com|junaid@ecom.pk|wm@TopTenFamous.com,1,12,35,232961369,prairiesmokepress.com,,0,0,0,02961579,superbooyah.com,,0,0,0,02962717,egotvonline.com,,0,0,0,02963830,marketingdonut.co.uk,info@marketingdonut.co.uk,1,0,2,22964977,mymajors.com,contact@mymajors.com,1,0,1,12967417,jafaloo.com,jafaloo@jafaloo.com,1,7,20,132969217,mikishope.com,,0,0,0,02969849,broadbandexpert.com,,0,0,0,02971680,socialhype.com,,0,0,0,02972462,socialbarrel.com,,0,0,0,02973232,e-junkie.info,,0,0,0,02973261,13mania.com,,0,0,0,02974206,listfave.com,,0,0,0,02976009,techrife.com,admin@techrife.com,1,0,2,22976015,mydevotionalthoughts.com,,0,0,0,02976635,geekstrack.com,geekstrack@gmail.com,1,0,1,12979672,prosebeforehos.com,,0,0,0,02981161,twokidsandacoupon.com,2kidsandacoupon@gmail.com,1,3,7,42981189,gamesht.com,contact@gamesht.com|gameht@gmail.com,1,53,112,592981842,mycharmedmom.com,,0,0,0,02983797,android-market.co,,0,0,0,02983850,ritareviews.net,,0,0,0,02984258,thegreenfamilia.co.uk,brenda@thegreenfamilia.co.uk,1,1,3,22985881,everydayhowto.net, howto@everydayhowto.net|howto@everydayhowto.net,1,0,2,22986159,apps400.com,info@apps400.com,1,19,46,272987924,workingmums.co.uk,info@workingmums.co.uk,1,0,2,22988155,techglobex.blogspot.com,tech.globex@gmail.com,1,0,1,12988843,rightyaleft.com,likanpatra@gmail.com,1,2,4,22988924,internetmarketingreports.net,,0,0,0,02990319,usabilitygeek.com,info@usabilitygeek.com|justinmifsud@gmail.com,1,24,50,262992267,inentertainment.co.uk,,0,0,0,02993117,livingsmartgirl.com,sheilarae71@gmail.com|sheilarae71@gmail.com  Read more http://www.livingsmartgirl.com/pr-friendly/,1,18,39,212998258,pinaymommyonline.com,,0,0,0,02998580,netznews.biz,,0,0,0,02998702,technology-digital.com,pooja.thakkar@wdmgroup.com,1,5,12,72999777,intentblog.com,support@intent.com |editor@intent.com|support@intent.com|antonia@intent.com,1,5,11,62999835,thegadgetsblog.com,,0,0,0,03000591,mommysfavoritethings.com,,0,0,0,03000992,techgenra.com,krishnasai44@gmail.com,1,11,31,203002842,enchantedsavings.com,,0,0,0,03003050,digitalgupshup.com,admin@digitalgupshup.com,1,0,2,23003521,fsquarefashion.com,,0,0,0,03003661,fingerclicksaver.com,,0,0,0,03003686,techbreach.net,arbaz@techbreach.net|info@techbreach.net|bradley@techbreach.net,1,4,22,183005601,boltonhitech.com,lanroni.oni@gmail.com,1,1,2,13008058,techlitic.com,suumitgeek@gmail.com|admin@techlitic.com,1,2,6,43009102,nextround.net,nextround.net@gmail.com. |nextround.net@gmail.com|hello@carsleycrabtree.com|admin@nextround.net,1,7,22,153009495,tech-reviews.co.uk,rhys@tech-reviews.co.uk|rkarran@copypress.com|news@tech-reviews.co.uk |news@tech-reviews.co.uk|info@techbreach.net|rachelledramos@gmail.com|rachelledramos@googlemail.com|josephstark84@gmail.com|rhys@tech-reviews.co.uk |matt@tech-reviews.co.uk,1,11,36,253010199,techicore.com,info@techicore.com|contact@techicore.com|admin@techicore.com,1,1,6,53010726,adventuresfrugalmom.com,rmmmgvera@bellsouth.net,1,34,78,443013070,gigjets.com,contact@gigjets.com,1,0,2,23014475,didyouknowcanada.ca,,0,0,0,03014764,startupdonut.co.uk,info@marketingdonut.co.uk|lisa.williams@bhpinfosolutions.co.uk,1,0,4,43015278,sewcraftable.blogspot.com,,0,0,0,03016154,dogsnpawz.com,,0,0,0,03017175,sexysocialmedia.com,,0,0,0,03017581,grit.com,,0,0,0,03019541,epiclaunch.com,Stephen@reactrmedia.com |stephen@reactrmedia.com|Stephen@reactrmedia.com,1,1,5,43020944,familycorner.com,webmom@familycorner.com||amanda@amandaformaro.com|jessicalsalt@gmail.com,1,41,93,523021853,dallassinglemom.com,heatherbuen@dallassinglemom.com,1,2,3,13022453,todaytricks.com,todaytricks@gmail.com,1,0,1,13023355,pennilessparenting.com,pennilessparenting@yahoo.com,1,5,12,73023394,webapprater.com,info@webapprater.com,1,0,1,13024870,techbusket.com,techbusket@gmail.com|santu6022@gmail.com,1,1,4,33026448,nerdsmagazine.com,NerdsMagazine@gmail.com,1,0,1,13028596,gtechpedia.com,gtechpedia.com|GTechPedia.Com|gtechpedia@gmai.com|info@gtechpedia.com,1,0,7,73031278,madmikesamerica.com,madmikes1@gmail.com,1,3,7,43032579,promocodes.co.uk,,0,0,0,03032592,sonyashappenings.com,,0,0,0,03033148,roxannajolly.com,,0,0,0,03034802,americanlivewire.com,,0,0,0,03035026,lorensworld.com,loren@lorensworld.com,1,12,33,213035555,techclickr.com,techclickr@gmail.com,1,10,20,103038021,techieinspire.com,techieinspire@gmail.com|kroshan@techieinspire.com|techieinspire.com,1,0,9,93038179,infoineed.com,contact@infoineed.com,1,0,1,13038737,basicsofhacking.com,,0,0,0,03038825,exploreb2b.com,,0,0,0,03039433,elitefox.org,i.g.pradeep@hotmail.com,1,1,2,13040693,gettingsmart.com,caroline@gettingsmart.com|info@gettingsmart.com|Editor@GettingSmart.com|editor@gettingsmart.com,1,3,18,153041666,enterprisefeatures.com,rudoconsulting@gmail.com,1,2,5,33042160,themomshow.blogspot.com,,0,0,0,03042595,financetrain.com,info@financetrain.com,1,7,16,93044686,bestfinancenetwork.com,Preston.clark123@gmail.com|preston.clark123@gmail.com,1,4,7,33045162,gizmofusion.com,info@gizmofusion.com|bryan@gizmofusion.com|rwilliams268@gizmofusion.com,1,8,21,133045353,globaltor.com,,0,0,0,03045947,hashincludetechnology.com,webmaster@hashincludetechnology.com|steve@stretton.eu,1,1,3,23049343,ashleysuzanne.com,,0,0,0,03050539,decryptedtech.com,sean.kalinich@decryptedtech.com,1,2,7,53050654,topstravel.net,,0,0,0,03054058,skinnymom.com,brookejgriffin@gmail.com|tori@skinnymom.com|brooke@skinnymom.com,1,0,8,83056368,ebookblog.de,,0,0,0,03061703,techvorm.com,paritosh@techvorm.com|Paritosh@techvorm.com|admin@techvorm.com,1,0,3,33062652,windows-tweaks.info,,0,0,0,03063748,studential.com,info@studential.com|ps@studential.com,1,0,4,43066555,bestseoservice.co.uk,,0,0,0,03068026,gadgec.com,admin@gadgec.com,1,1,2,13070047,adeyemiadisa.com,,0,0,0,03070587,purpleslinky.com,,0,0,0,03070715,raredelights.com,admin@raredelights.com|adrian.poputoaia@gmail.com,1,0,2,23074181,buildipedia.com,editorial@buildipedia.com|jennifer.randle@buildipedia.com|,1,25,58,333074968,meltingposts.com,aliosha@meltingposts.com,1,0,1,13075910,wahmresourcesite.com,,0,0,0,03078115,businessvibes.com,miranda@businessvibes.com,1,6,22,163078493,greenwerkspro.com,info@greenwerkspro.com,1,3,7,43080418,boxertechnology.info,admin@boxertechnology.info,1,0,3,33086174,savethestudent.org,mail@savethestudent.org|jake@savethestudent.org|owen@savethestudent.org,1,17,38,213086618,pcmemoirs.com,,0,0,0,03086763,robinspost.com,,0,0,0,03087228,blondiezbabbles.blogspot.com,,0,0,0,03088309,webdesignlists.com,,0,0,0,03090892,sharexy.com,,0,0,0,03092702,razzil.com,raz_rahil@yahoo.co.in|razarahil@razzil.com|,1,0,5,53095990,anightowlblog.com,anightowlblog@gmail.com,1,0,1,13097290,healthyone.org,drjupitor@yahoo.com,1,1,2,13098457,giveawaysandglitter.com,,0,0,0,03101188,fashionotes.com,editor@fashionotes.com,1,0,1,13101375,girlslunchout.com,girlslunchout@gmail.com|ericavoll@gmail.com,1,4,14,103106484,infozguide.com,,0,0,0,03107296,mommysblockparty.com,,0,0,0,03113268,moneysavingblog.org,Sally.J.Stretton@Googlemail.com |sally@moneysavingblog.org|Sally.J.Stretton@googlemail.com,1,0,3,33113451,everycollegegirl.com,anna@everycollegegirl.com|annapatrickbc@gmail.com,1,22,38,163116829,techreaction.net,contact@techreaction.net,1,0,1,13118056,designstyleguide.net,,0,0,0,03118209,coupondipity.com,,0,0,0,03123179,blogager.com,,0,0,0,03126581,mommyonlyhas2hands.org,,0,0,0,03131331,geekitdown.com,,0,0,0,03131926,cheaptravelblog.net,admin@cheaptravelblog.net,1,0,3,33133804,sustainableseedco.com,,0,0,0,03134543,beautybrite.com,,0,0,0,03135208,buzz2fone.com,,0,0,0,03136220,net-developers.de,,0,0,0,03138537,gewinnspieleworld.de,,0,0,0,03140397,e-healthdiary.com,fahim.chowdhury97@gmail.com,1,1,7,63142153,cheapscholar.org,support@cheapscholar.org,1,26,64,383142370,survivingcollege.com,brittney@survivingcollege.com|misskjackson838@gmail.com|pamela@survivingcollege.com,1,7,27,203144631,welovetravels.net,,0,0,0,03149030,lovecamden.org,,0,0,0,03149271,milaap.org,,0,0,0,03149710,techpounce.com,,0,0,0,03152040,tryingtogogreen.com,,0,0,0,03152269,pcandtech.com,lakshay2996@gmail.com,1,1,3,23153033,jennyatdapperhouse.com,,0,0,0,03153628,internetvive.com,,0,0,0,03153932,in2town.co.uk,info@in2town.co.uk,1,0,1,13156607,romecorp.com,,0,0,0,03156955,extremehowto.com,mweber@latitude3.com,1,0,3,33160368,android-guru.de,,0,0,0,03160706,simplybudgeted.com,simplybudgeted@gmail.com|,1,11,25,143161475,moneyandinvesting.net,,0,0,0,03163188,calendarbudget.com,contact@calendarbudget.com,1,3,6,33165243,bdtechie.com,nasif@gmx.com|yazzywrites@gmail.com|editor@bdtechie.com,1,30,81,513165616,clickliverpool.com,,0,0,0,03165629,littlegirltravels.com,,0,0,0,03166030,flimmerkisten.de,,0,0,0,03168165,techtwitt.com,admin@techtwitt.com|post@techtwitt.com,1,1,4,33168175,technovalley.in,gingerlyspicy@gmail.com|ayushwhizkid@gmail.com,1,1,3,23168429,editweaks.com,Talk2Edi@hotmail.com|talk2edi@hotmail.com,1,2,7,53168665,sports-kings.com,Sportskingsmailbag@gmail.com,1,0,2,23170497,paramuspost.com,sam@stonemicro.com,1,0,1,13175064,thethingswomenwant.com,thethingswomenwant@gmail.com,1,6,17,113183080,youblawg.com,,0,0,0,03183757,blufftontoday.com,,0,0,0,03191450,savealittlemoney.com,,0,0,0,03191623,411homerepair.com,411@411powertools.com,1,0,1,13191787,infographr.tumblr.com,,0,0,0,03195941,livinggreenmag.com,marco@livinggreenmag.com|design@living-green.org|richard@livinggreenmag.com|richard@living-green.org,1,6,19,133202850,techonthego.co.uk,,0,0,0,03207512,holiday-blog.org,,0,0,0,03213983,techsenser.com,faizan@techsenser.com,1,2,4,23215159,mobileapptesting.com,mikeb@utest.com,1,3,12,93216540,technologyfeed.net,Technologyfeedblog@gmail.com|technologyfeedblog@gmail.com,1,3,6,33219865,allfinancialforms.com,,0,0,0,03223935,alifefulloflaughter.com,,0,0,0,03225236,budgetforhealth.com,,0,0,0,03228695,thetecherra.com,rashmi.gem@gmail.com,1,4,6,23232200,prowess.org.uk,,0,0,0,03233212,thistimeimeanit.com,scottq@thistimeimeanit.com,1,1,2,13236736,traveling-4all.com,,0,0,0,03240108,ezaroorat.com,,0,0,0,03240509,theresasmixednuts.blogspot.com,,0,0,0,03240552,greenheritagenews.com,admin@greenheritagenews.com,1,0,2,23249968,d4nza.de,,0,0,0,03256572,worldinsport.com,,0,0,0,03258096,demcyapdiandias.blogspot.com,,0,0,0,03259152,womenintechnology.co.uk,,0,0,0,03272721,winningback.co.uk,,0,0,0,03272910,totaltravelguide.co.uk,,0,0,0,03275862,2greenenergy.com,,0,0,0,03277581,guysgab.com,webmaster@guysgab.com,1,42,107,653281419,artsonearth.com,,0,0,0,03288409,mtnweekly.com,submissions@mtnweekly.com,1,0,1,13291854,phonetipsandtricks.com,,0,0,0,03292906,howimportantisyourfinance.com,salanto@howimportantisyourfinance.com,1,18,34,163292920,learntipsandtricks.com,dbashyal@hotmail.com,1,1,2,13294317,henning-uhle.eu,,0,0,0,03297757,shoppinggiftscentral.com,,0,0,0,03298391,coffeeaddictedwriter.com,,0,0,0,03299964,igadgetware.com,igadgetware@gmail.com|admin@igadgetware.com,1,0,2,23304886,mbitme.de,,0,0,0,03305214,sparkwiz.com,,0,0,0,03309181,travel-equipment.net,,0,0,0,03313000,lifeofdad.com,tom@lifeofdad.com,1,1,2,13314944,technikwelt24.com,,0,0,0,03315533,techtipsworld.com,admin@techtipsworld.com,1,1,2,13320866,selbst-und-staendig.de,,0,0,0,03322007,aroundtheworldineightyyears.com,huajatollas@hotmail.com ,1,0,1,13329668,techstream.org,anush@techstream.org,1,2,10,83330981,technik-monster.de,,0,0,0,03334403,quicklyprofit.com,,0,0,0,03341474,realestateguidance.org,frank@realestateguidance.org,1,0,3,33345908,vincigenius.com,support@vincigenius.com,1,0,1,13348085,globocation.com,info@globocation.com| info@globocation.com|wagtaildigital@gmail.com,1,3,19,163352718,saving-sally.co.uk,sally@saving-sally.co.uk|manager@stretton.eu,1,7,21,143353004,money-blogger.org,,0,0,0,03353211,crispycoding.com,,0,0,0,03353477,trademartes.com,,0,0,0,03360562,365.travel,,0,0,0,03362032,android-profis.de,,0,0,0,03365388,family-budgeting.co.uk,becky@family-budgeting.co.uk|Becky@family-budgeting.co.uk,1,0,3,33373312,yourfinanceinfo.com,all_sents@yahoo.com,1,0,2,23375625,technik-inside.de,,0,0,0,03379553,richnspect.com,,0,0,0,03379893,blognology.de,,0,0,0,03382034,sprichie.com,admin@sprichie.com|scott.sprich@gmail.com,1,4,8,43384552,jerlalou.blogspot.com,,0,0,0,03385123,hometipster.com,,0,0,0,03386522,adminswerk.de,,0,0,0,03387314,expert-insurance.net,Jerry@expert-insurance.net,1,0,2,23388478,theantijunecleaver.com,,0,0,0,03400728,techhunter.co.uk,news@techhunter.co.uk|kenneth@techhunter.co.uk|,1,0,7,73403586,geektub.com,,0,0,0,03405979,collegecures.com,brett@collegecures.com|brett@ambitioninsight.com|brett@CollegeCures.com,1,30,67,373405984,jiggaweb.com,,0,0,0,03408607,quartsoft.com,PR@quartsoft.com|info@quartsoft.com,1,5,8,33411034,yourfirsthealthcare.com,,0,0,0,03414648,technologiesreview.com,admin@technologiesreview.com|info@technologiesreview.com|sales@infowick.com,1,0,4,43417632,technogist.com,fardeen@technogist.com,1,6,17,113420464,myketech.com, Mike@myketech.com,1,0,1,13426180,everythingaboutinvestment.com,irfanahamed@everythingaboutinvestment.com,1,14,35,213428747,smartphonearm.co.uk,,0,0,0,03436861,verbrauchertipp.de,,0,0,0,03438425,darngoodblogging.com,darngoodbloggingsite@gmail.com,1,0,1,13440346,austinpost.org,,0,0,0,03442544,betweenthekids.com,lisa.betweenthekids@gmail.com,1,33,76,433442859,blogpirat.de,,0,0,0,03443496,hossit.com,,0,0,0,03444343,notyourordinaryrecipes.com,,0,0,0,03450893,crystalkiss.com,,0,0,0,03451596,tctour.com,,0,0,0,03455887,gadgetheaven.co.uk,,0,0,0,03456066,resort-guides.com,,0,0,0,03461150,financefox.co.uk,,0,0,0,03461861,drive-safely.net,,0,0,0,03466752,katietalkscarolina.com,Katie@Katietalkscarolina.com|laurelruncouponqueens@gmail.com,1,12,32,203470616,netbuzzr.com,,0,0,0,03471877,mockdrafthq.com,dwash@mockdrafthq.com,1,12,28,163481550,thetechcheck.com,,0,0,0,03482091,thebuildingblox.com,toddvendituoli@gmail.com,1,8,19,113482565,sachen-fuer-webmaster.de,,0,0,0,03484863,all360.net,webmaster@all360.net,1,0,1,13485438,computerinformationsite.com,,0,0,0,03489299,brentwoodhomepage.com,news@brentwoodhomepage.com,1,0,1,13490819,download-kostenlos.org,,0,0,0,03504390,globehealth.net,,0,0,0,03505593,widediary.com,arshad@magicsolv.com,1,4,10,63520928,discussionoftheday.com,audricstevens@gmail.com,1,0,1,13525208,gametrailer.us,,0,0,0,03525359,saving4five.com,Admin@Saving4Five.com|admin@saving4five.com,1,0,4,43529070,thebestsportsblog.com,,0,0,0,03534992,heartfeltbalancehandmadelife.com,heartfeltbalancehandmadelife@yahoo.com,1,5,14,93538008,locationlessliving.com,Info@Locationlessliving.com,1,0,1,13544709,bailoutmycareer.com,,0,0,0,03548691,tatess.blogspot.com,,0,0,0,03551409,best-of-deals.de,,0,0,0,03551462,thelunchbreakblog.com,lunchbreakblog@gmail.com,1,0,1,13556094,remodelpros.com,info@remodelpros.com|stevek@remodelpros.com,1,2,7,53562685,techkisses.com,,0,0,0,03571630,geekanoids.co.uk,,0,0,0,03572047,myinteriordecorator.com,rhonda@myinteriordecorator.com |rhondalayton@netzero.com|rhonda@myinteriordecorator.com,1,5,22,173581228,ebestproducts.com,,0,0,0,03583051,beste-kostenlose-apps.de,,0,0,0,03585329,lostintentions.com,johnny@onestep4ward.com,1,0,1,13586075,athleticka.net,patrick@patrickmross.com|rew.whiting@gmail.com,1,33,96,633597112,strandedpassengers.org,johnny@onestep4ward.com,1,3,6,33603204,loanpiggy.com,,0,0,0,03611212,doom3.de,,0,0,0,03626493,jjwyy.com,,0,0,0,03627322,epicafinance.com,content@epicanetwork.com|connect@epicanetwork.com,1,6,14,83627512,fairfactsmedia.com,,0,0,0,03633324,softize.net,,0,0,0,03636422,money-meerkat.co.uk,,0,0,0,03644940,denverbucketlist.com,,0,0,0,03648584,blogvonbalrog.com,,0,0,0,03648768,travel-junkies.com,jason@travel-junkies.com,1,1,2,13649798,coredroid.com,,0,0,0,03655915,gieseke-buch.de,,0,0,0,03659848,ultrakompakt.de,,0,0,0,03660986,liveinsurancenews.com,admin@liveinsurancenews.com|webservice@liveinsurancenews.com,1,12,29,173662662,derspeicherplatz.de,,0,0,0,03662801,epicatravel.com,content@epicanetwork.com|connect@epicanetwork.com|mrmilesyoung@gmail.com,1,15,35,203664715,nickelanddimingwithnikki.com,nanddwithnikki@aol.com,1,0,1,13668921,followadd.com,,0,0,0,03671345,thebizzare.com,rappin@hotmail.com,1,0,1,13678086,simplyloan.org,,0,0,0,03679421,das-internet-portal.de,,0,0,0,03683512,blog.holamiami.com,info@holamiami.com,1,0,1,13683536,blog.bandbireland.com,admin@bandbireland.com,1,0,1,13684182,showmesomemoney.com,,0,0,0,03684185,alternativehousewife.com,j@alternativehousewife.com ,1,0,1,13684187,frugalapolis.com,,0,0,0,03687306,universalhomeloans.com,,0,0,0,03687660,singlemom.com,DOM-Owner@internetgenesis.com,1,0,1,13687968,thegreatmonkeysuit.com,monkeysuit@thegreatmonkeysuit.com,1,21,53,323688006,carblog.co.uk,,0,0,0,03688801,sugarshack.co.uk,,0,0,0,03697747,honestcollege.com,honestcollege@gmail.com,1,20,45,253701754,money-adviser.co.uk,,0,0,0,03718126,bwone.com,mail@bwone.com,1,0,1,13718357,pethooligans.com,awood.woodmors@gmail.com,1,7,17,103718979,techandscience.com,admin@techandscience.com|golovatuy@gmail.com,1,21,43,223722804,smarttravelinfo.com,drmarcjasin@gmail.com,1,1,2,13724693,moneyadventures.com,admin@moneyadventures.com,1,0,1,13741780,celebrity-cars.com,,0,0,0,03744112,streetrodding.com,bigal@streetrodding.com|vabreland@yahoo.com,1,5,10,53745139,riceburner.net,,0,0,0,03752714,meinandroid.com,,0,0,0,03753181,efunlist.com,,0,0,0,03759715,bettingblogger.com,,0,0,0,03760827,blogenium.com,stunningmesh@yahoo.com,1,0,1,13762108,natp2.org,,0,0,0,03768650,kurz-nachgedacht.de,,0,0,0,03769513,bash.ch,,0,0,0,03777482,eprocurementthai.com,,0,0,0,03782250,nsfgirls.com,,0,0,0,03782469,clavertonmedia.com,,0,0,0,03795105,tiredmummyoftwo.co.uk,,0,0,0,03797911,mmarley.com,,0,0,0,03797969,mommasess.com,,0,0,0,03804206,diveintampabay.com,,0,0,0,03804207,brosismobiles.co.uk,,0,0,0,03804213,luxuryleathergoods.com,,0,0,0,03804214,insureyourgadgets.co.uk,,0,0,0,03804215,moneyracoon.com,,0,0,0,03804216,moneyscientist.co.uk,,0,0,0,03804217,ladiesgadget.com,,0,0,0,03804218,techinfive.com,,0,0,0,03804219,techbuzonline.com,jane@techbuzzonline.com,1,1,2,13804220,techatitude.com,,0,0,0,03804221,gomonew.com,,0,0,0,03804222,imtechnonew.com,,0,0,0,03804223,prolinxinc.com,,0,0,0,03804224,cslwebmaster.org,,0,0,0,03804225,techwithoutwires.com,,0,0,0,03804226,tech-dreams.com,webmaster@tech-dreams.com,1,0,1,13804227,curtisanddyer.co.uk,,0,0,0,03804228,kiddstoys.co.uk,,0,0,0,03804229,channelminds.com,,0,0,0,03804230,codeofeverand.co.uk,,0,0,0,03804231,mydailycareernews.com,,0,0,0,03804232,thesciencejobs.com,,0,0,0,03804233,i-glu.co.uk,,0,0,0,03804234,internet-browsing.co.uk,,0,0,0,03804235,webxel-dw.co.uk,,0,0,0,03804236,industrialwhoswho.com,,0,0,0,03804237,spamfo.co.uk,,0,0,0,03804238,wasdgamer.com,,0,0,0,03804239,itmdesign.co.uk,,0,0,0,03804240,electronic-mp3.com,,0,0,0,03804241,cartmel-steeplechases.co.uk,,0,0,0,03804242,jjyf.com,,0,0,0,03804243,ifreebusy.com,,0,0,0,03804246,emilygreen.quazen.com,,0,0,0,03804247,xchanges.org,,0,0,0,03804248,festivalmanuelitasaenz.com,,0,0,0,03804249,tt-sy.com,,0,0,0,03804250,epscicon.org,,0,0,0,03804251,napte.org,,0,0,0,03804252,cfdconference.com,,0,0,0,03804253,apple-iphone-unlocking.com,,0,0,0,03804254,menaictconference.org,,0,0,0,03804257,westecservices.com,,0,0,0,03804258,cell-phone-plans.net,,0,0,0,03804259,techrony.com,info@techrony.com,1,0,5,53804262,blog.clove.co.uk,sales@clove.co.uk,1,0,1,13804313,blog.fossick.com,keepusbusy@fossick.com|gen@fossick.com,1,1,3,23804314,geekervision.com,,0,0,0,03804315,beaconseil.com,,0,0,0,03804316,indemusicshop.com,,0,0,0,03804317,hintpoint.com,,0,0,0,03804318,pedroreina.org,,0,0,0,03804320,blog.collegeprowler.com,,0,0,0,03804326,sussexmummy.co.uk,info@sussexmummy.co.uk|sarahse61@yahoo.co.uk,1,20,52,323804336,community.digitizd.com,,0,0,0,03804370,blog.eonetwork.org,,0,0,0,03804380,kiksmedia.com,,0,0,0,03804381,blogs.volunteermatch.org,,0,0,0,03804382,reeladventures.com,,0,0,0,03804383,gadgetmecch.com,,0,0,0,03804384,caregivers.com,domain@agenet.com,1,0,1,13804394,gamelover.at,,0,0,0,03804395,peters-tischreden.blogspot.de,,0,0,0,03804396,imeister.de,,0,0,0,03804397,tim-haeseler.de,,0,0,0,03804398,gadget-lounge.com,,0,0,0,03804399,rununu.de,,0,0,0,03804400,gamesundgadgets.blogspot.de,,0,0,0,03804401,mediasharp.de,,0,0,0,03804402,uwehauck.blogspot.de,,0,0,0,03804403,handysuche.net,,0,0,0,03804404,kettensurfer.de,,0,0,0,03804405,rockdeinenpc.de,,0,0,0,03804406,tipps.iphone-magazine.de,,0,0,0,03804407,pixelhander.com,,0,0,0,03804408,netzhamster.de,,0,0,0,03804409,payamo.de,,0,0,0,03804410,topbg.de,,0,0,0,03804411,blog.diegelernten.de,,0,0,0,03804412,relx.de,,0,0,0,03804413,computer-tipps-und-tricks.de,,0,0,0,03804414,blog.jannewap.ws,,0,0,0,03804415,chaosdertechnik.de,,0,0,0,03804416,der-moe-blog.de,,0,0,0,03804417,blog.yoonic.at,,0,0,0,03804418,blog.its-webtime.de,,0,0,0,03804419,blog.cybercom24.de,,0,0,0,03804420,technodoctor.de,,0,0,0,03804421,dslundmobilfunk.blog.de,,0,0,0,03804422,stefan-bloggt.de,,0,0,0,03804423,i-phone-smartphone.de,,0,0,0,03804424,blog.computerstrafrecht.info,,0,0,0,03804425,software-und-pc.de,,0,0,0,03804426,apple-guru.de,,0,0,0,03804427,veddy-mobile.de,,0,0,0,03804428,blogodroid.de,,0,0,0,03804429,desireblog.de,,0,0,0,03804430,it-blog.bindig-media.de,,0,0,0,03804431,ingo-hirsch.de,,0,0,0,03804432,atunda.ch,,0,0,0,03804433,news-und-tests.de,,0,0,0,03804434,csharp-tricks.blogspot.de,,0,0,0,03804435,webelements.ch,,0,0,0,03804436,david-schwickerath.de,,0,0,0,03804437,tech-lounge.de,,0,0,0,03804438,medienworld.blogspot.co.at,,0,0,0,03804439,worlds-online.de,,0,0,0,03804440,korsmi.info,,0,0,0,03804441,macinspiration.blogspot.de,,0,0,0,03804442,mobileds.de,,0,0,0,03804443,maxa.pf-control.de,,0,0,0,03804444,mobil-heute.de,,0,0,0,03804445,handy-experte.net,,0,0,0,03804446,browserspiele.gfx-sector.de,,0,0,0,03804447,blog.andreflemming.de,,0,0,0,03804448,it4kmu.info,,0,0,0,03804449,computer-blog.org,,0,0,0,03804450,wantastisch.de,,0,0,0,03804451,apfeltube.de,,0,0,0,03804452,app-blog.tv,,0,0,0,03804453,promediamax.de,,0,0,0,03804454,kleiner-handyblog.de,,0,0,0,03804455,geekpub.de,,0,0,0,03804456,pj-firepower.com,,0,0,0,03804457,pcnotfallhilfe.de,,0,0,0,03804458,ne-na.de,,0,0,0,03804459,das-video.com,,0,0,0,03804460,learnspot.de,,0,0,0,03804461,afd-pc-service.de,,0,0,0,03804462,better-backup.de,,0,0,0,03804463,girls-and-gadgets.de,,0,0,0,03804464,techi-news.de,,0,0,0,03804465,tickerverbot.de,,0,0,0,03804466,blog-fussball.de,,0,0,0,03804467,online-computermagazin.com,,0,0,0,03804468,wetabblog.org,,0,0,0,03804469,metincelik.de,,0,0,0,03804470,computer.bloggemeinschaft.net,,0,0,0,03804471,notebooks-and-more.de,,0,0,0,03804472,tech-highlights.de,,0,0,0,03804532,ifenergy.com,,0,0,0,03804534,creative-reporter.com,,0,0,0,03804535,cmpreprints.com,,0,0,0,03804536,hkdcug.com,,0,0,0,03804540,institut-du-referencement.com,,0,0,0,03804549,classicaldrives.com,,0,0,0,03804555,rkblogs.net,,0,0,0,03804556,rtweeter.com,,0,0,0,03804562,chezdigitale.com,,0,0,0,03804566,objectifcinema.com,,0,0,0,03804599,houseofnintendo.com,,0,0,0,03804600,keepyourpokerface.com,,0,0,0,03804602,dailypowerwalk.com,,0,0,0,03804603,definedcare.com,,0,0,0,03804605,centenaire-mdf.com,,0,0,0,03804606,womenshealthblog.org,,0,0,0,03804607,techwear-weblog.com,,0,0,0,03804608,byblosdisco.com,,0,0,0,03804609,clubfianchetto.net,,0,0,0,03804610,tudotgvn.org,,0,0,0,03804611,kabaddiinternational.org,,0,0,0,03804612,pardusdepo.com,,0,0,0,03804613,ajaxdevelopersjournal.com,,0,0,0,03804616,messianicecards.com,,0,0,0,03804619,ossinissa.com,,0,0,0,03804622,yesilermenekgazetesi.com,,0,0,0,03804624,yomiuri-you.com,,0,0,0,03804625,flashmusicstudio.com,,0,0,0,03804627,finance-weblog.com,admin@finance-weblog.com,1,0,1,13804628,lankarkiv.net,,0,0,0,03804629,irishcomputer.com,,0,0,0,03804633,ijssculptuur.com,,0,0,0,03804635,boelter-yates.com,,0,0,0,03804636,basaronal.com,,0,0,0,03804640,fratellimuratori.com,,0,0,0,03804643,soccer-weblog.com,,0,0,0,03804647,biotissue-tec.com,,0,0,0,03804648,wandalust.com,,0,0,0,03804649,mrcrodcases.com,,0,0,0,03804650,cotterkimbrough.com,,0,0,0,03804655,flexiblemxml.com,,0,0,0,03804656,leucaturismo.org,,0,0,0,03804657,isitaleapyear.com,,0,0,0,03804658,galaxymage.org,,0,0,0,03804659,frxsoft.com,,0,0,0,03804663,rta-ride.org,,0,0,0,03804665,gnosis-usa.com,,0,0,0,03804669,mannaicorp.com,,0,0,0,03804684,geek.oddblogger.com,,0,0,0,03804686,daily-innovation.de,,0,0,0,03804690,iphoneinstyle.co.uk,,0,0,0,03804691,techhunks.com,,0,0,0,03804700,handsoffourholiday.com,notes@osozo.com,1,0,6,63804701,cosmopolitreisen.de,,0,0,0,03804702,web2weblog.de,,0,0,0,03804703,spellboundcopy.com,,0,0,0,03804704,uptonupdates.com,,0,0,0,03804715,surfacerama.com,,0,0,0,03804716,blagovision.org,,0,0,0,03804717,pc-os.org,sales@infowick.com,1,0,1,13804719,kuppamenggcollege.com,,0,0,0,03804721,yaneto.com,,0,0,0,03804722,getcreditnews.com,,0,0,0,03804730,agfibertechnology.com,,0,0,0,03804745,allgirlstalk.com,,0,0,0,03804754,projectgetoutdoors.org,,0,0,0,03804764,taipei-lady.com,,0,0,0,03804765,lindisfarne-heritage-centre.org,,0,0,0,03804766,praycalconnect.org,,0,0,0,03804774,ASSETSRICH.COM,,0,0,0,03804778,cashworldnews.com,,0,0,0,03804992,freetaye.com,,0,0,0,03804994,THEMONEYFINANCE.COM,,0,0,0,03804995,thecityfinancial.com,,0,0,0,03804996,thebankingview.org,,0,0,0,03804997,sarahsfinanceworld.org,,0,0,0,03804998,richestcommerce.com,,0,0,0,03805007,kostenlos-cliparts.de,,0,0,0,03805008,de.merq.org,,0,0,0,03805009,maenner-portal.com,,0,0,0,03805010,mobilepeople.de,,0,0,0,03805011,elbtalblog.de,,0,0,0,03805012,blog.lecturio.de,,0,0,0,03805015,hrhstore.com,,0,0,0,03805016,seventhdoorblog.com,,0,0,0,03805017,gadgetizor.com,mailman@digitizor.com,1,0,2,23805019,lifeinthiswonderfulworld.com,lourdez11@gmail.com,1,2,4,23805020,sweeetposh.com,,0,0,0,03805022,missyani.com,,0,0,0,03805026,qjt123.com,,0,0,0,03805042,refugeeks.com,guests@refugeeks.com|kev@refugeeks.com,1,19,46,273805044,psdguam.com,,0,0,0,03805046,enterprisedojo.com,seo@goymedia.com,1,5,13,83805051,thehightechsociety.com,thehightechsociety@gmail.com| guestblogs@thehightechsociety.com|brandycross@thehightechsociety.com|brandybcross@gmail.com|kimberlycarver@thehightechsociety.com|guestblogs@thehightechsociety.com,1,5,15,103805053,tech.massivelinks.com,inquiries@massivelinks.com,1,41,77,363805054,davidgilson.co.uk,,0,0,0,03805064,gloholiday.com,info@gloholiday.com,1,2,4,23805065,globalscriptor.org,globalscriptor@gmail.com| globalscriptor@gmail.com,1,7,16,93805068,raging-nerds.de,,0,0,0,03805073,sortrature.com,info@sortrature.com|sortrature@hotmail.com|admin@sortrature.com|webmater@sortrature.com,1,7,17,103805085,etourisminsight.com,,0,0,0,03805095,HoteleSearch.com,,0,0,0,03805098,gadgetsoup.com,info@gadgetsoup.com|joshua@gadgetsoup.com|millerhewrote@gmail.com,1,2,10,83805099,WorldTravelNomad.com,,0,0,0,03805103,blog.atyq.info,,0,0,0,03805106,europevia.org,,0,0,0,03805107,midwesternadventures.com,,0,0,0,03805112,dailytipsndtricks.blogspot.com,,0,0,0,03805113,compusofttechnology.wordpress.com,,0,0,0,03805114,techtoweb.com,admin@techtoweb.com|jburrill19@gmail.com,1,7,20,133805115,probiznetwork.org,,0,0,0,03805116,pasadenacbc.com,,0,0,0,03805117,createcoach.biz,,0,0,0,03805118,evitadiscoteca.com,,0,0,0,03805119,acrox.us,,0,0,0,03805120,ourexpatstory.com,,0,0,0,03805121,marketdefinition.org,,0,0,0,03805122,afreeway2success.info,,0,0,0,03805123,suretybondexperts.com,,0,0,0,03805124,theblogtest.com,,0,0,0,03805125,kaffee-genuss.info,,0,0,0,03805127,husher.org,,0,0,0,03805129,androidhowtoguide.com,,0,0,0,03805133,majortechnicality.com,,0,0,0,03805134,teksocial.com,seosmarty@gmail.com,1,0,1,13805140,lostsummit.net,,0,0,0,03805141,ashleystravel.com,,0,0,0,03805142,TeenTravelTalk.com,,0,0,0,03805143,Geriatrictraveller.com,,0,0,0,03805144,damselsinsuccess.com,tessa@damselsinsuccess.com,1,6,19,133805154,gadget400.com,,0,0,0,03805157,tech.thefuntimesguide.com,lynnette@thefuntimesguide.com,1,4,9,53805158,fanappic.com,contact@fanappic.com|postbox@davidharfield.com| submit@fanappic.com| contact@fanappic.com,1,11,23,123805161,contents.newsvine.com,,0,0,0,03805162,open.salon.com,,0,0,0,03805163,blog.mt5.com,,0,0,0,03805164,geekmagazine.org,useawriter@gmail.com|admin@geekmagazine.org,1,2,5,33805166,saraanseo.com,,0,0,0,03805167,amenityseo.com,,0,0,0,03805168,atlphp.org,,0,0,0,03805169,cutemedia.org,,0,0,0,03805170,techmobiz.com,,0,0,0,03805171,online-technology-source.info,,0,0,0,03805172,papertowerstudios.com,,0,0,0,03805173,vrabnica.com,,0,0,0,03805174,bnlug.org,,0,0,0,03805175,llatech.com,,0,0,0,03805176,solopaseo.com,,0,0,0,03805177,bryancole.net,,0,0,0,03805178,californiascreenplaycompetition.com,,0,0,0,03805179,3gconnectivity.com,,0,0,0,03805180,weisswurst24.com,,0,0,0,03805181,columbianawebworks.com,,0,0,0,03805182,jandjsiding.com,,0,0,0,03805183,trilogia.net,,0,0,0,03805184,atlantaforumnetwork.org,,0,0,0,03805185,universalwebservice.com,,0,0,0,03805186,e-ffectivedesigns.com,,0,0,0,03805187,ibmlaonthenews.com,,0,0,0,03805188,plug-in-net.com,,0,0,0,03805189,etf-x.com,,0,0,0,03805190,integrityst.net,,0,0,0,03805191,evergreen-energy.org,,0,0,0,03805192,sslbilisim.com,,0,0,0,03805193,ultradots.com,,0,0,0,03805194,stonehengeapps.com,,0,0,0,03805195,reedergraphics.com,,0,0,0,03805196,connexweb.com,,0,0,0,03805197,cleantech11.com,,0,0,0,03805198,mwecodesign.com,,0,0,0,03805199,gfxdrop.com,,0,0,0,03805200,indexweblinks.com,,0,0,0,03805201,wotproject.com,,0,0,0,03805203,gadgets.gunaxin.com,,0,0,0,03805206,worldlinksstudio.com,,0,0,0,03805220,digitalproductsavenue.com,,0,0,0,03805223,meetmeattheborder.com,,0,0,0,03805225,techmoo.com,,0,0,0,03805226,blog.iloho.com,,0,0,0,03805235,reviewster.com,,0,0,0,03805238,travel.thefuntimesguide.com,lynnette@thefuntimesguide.com,1,1,2,13805244,blogs.imediaconnection.com,,0,0,0,03805245,makeyourideasart.com,info@makeyourideasart.com,1,0,1,13805246,twistmepretty.com,myyellowsandbox@gmail.com|twistmepretty@gmail.com,1,6,16,103805249,jspnetworks.com,,0,0,0,03805258,bizblog.cosmobc.com,,0,0,0,03805261,tripoutlook.com,,0,0,0,03805270,realresourceguide.com,,0,0,0,03805279,outsider-trading.com,,0,0,0,03805280,balkanwriters.com,,0,0,0,03805292,artsdigitalera.com,info@artsdigitalera.com|mark@artsdigitalera.com,1,28,54,263805294,dcherenow.com,,0,0,0,03805299,sports35.net,,0,0,0,03805307,lifestylesdefined.com,|general@lifestylesdefined.com|lifestylesgeneral@gmail.com|josephstark84@gmail.com,1,15,43,283805308,skywavetv.com,,0,0,0,03805309,wxganotebook.com,,0,0,0,03805310,baku-gtug.org,,0,0,0,03805311,apple-export.com,,0,0,0,03805312,bigmobiletones.com,,0,0,0,03805313,3wdg.com,,0,0,0,03805314,undisturbed.org,,0,0,0,03805315,cstechnologie.com,krishnasai44@gmail.com,1,2,10,83805316,ipadnation.org,,0,0,0,03805317,isparksf.com,,0,0,0,03805318,hp-ipod.com,,0,0,0,03805319,tjantunen.com,,0,0,0,03805321,intelmixx.com,,0,0,0,03805322,forumsmix.com,,0,0,0,03805323,webservile.com,,0,0,0,03805327,cooperative09.com,,0,0,0,03805329,memetics.com,,0,0,0,03805330,icontemplate.com,natapol@gmail.com,1,0,1,13805331,albanianjournalism.com,,0,0,0,03805332,univ-bangui.info,,0,0,0,03805333,pageia.org,,0,0,0,03805337,technoupdates.org,chopra@technoupdates.org |technoupdates.org@gmail.com ,1,0,2,23805339,techblog.cosmobc.com,,0,0,0,03805348,travel.massivelinks.com,,0,0,0,03805350,thewholegoodlife.com,info@thewholegoodlife.com,1,5,11,63805364,gouriwebmedia.com,,0,0,0,03805365,under30careers.com,Cara@under30media.com|cara@under30media.com,1,9,19,103805368,efastfacts.com,,0,0,0,03805369,wikipathia.com,,0,0,0,03805370,hangallery.net,,0,0,0,03805373,gaterocket.net,,0,0,0,03805374,tellusweb.net,,0,0,0,03805382,ibusinessblog.co.uk,info@ibusinessblog.co.uk,1,0,6,63805383,untetheredoffice.com,trevor@untetheredoffice.com,1,3,9,63805389,thehomeforsurvival.com,,0,0,0,03805390,benoticed.org,,0,0,0,03805391,dinkeskaltim.com,,0,0,0,03805392,blog.pre-pay-as-you-go.co.uk,,0,0,0,03805399,tfldz.com,,0,0,0,03805401,tutorial51.com,,0,0,0,03805411,findcheapairfares.org,,0,0,0,03805414,sinuousmag.com,,0,0,0,03805422,moneysoldiers.com,,0,0,0,03805433,lifeloveandmusic.net,Contact@LifeLoveAndMusic.net|contact@lifeloveandmusic.net,1,8,15,73805439,busygoat.com,busygoatteam@gmail.com,1,6,16,103805440,sbabzy.com,,0,0,0,03805446,chitraparna.org,,0,0,0,03805456,marine-knowledge.com, info@abhishek-solutions.com|info@abhishek-solutions.com,1,9,38,293805475,confessionsofasinglemum.co.uk,mail@confessionsofasinglemum.co.uk,1,12,27,153805496,my.hockeybuzz.com,,0,0,0,03805513,budgetmummy.blog.co.uk,mcginty32@yahoo.co.uk,1,22,48,263805515,optiinfo.com,,0,0,0,03805516,thelifestyleblog.org,catalitalita@gmail.com|josephstark84@gmail.com,1,11,34,233805518,parentclub.ganzworld.com,,0,0,0,03805522,geekenstein.com,contact@geekenstein.com|contributor@geekenstein.com|kate@geekenstein.com,1,9,28,193805526,thecareercafe.co.uk,,0,0,0,03805533,za-vas.ca,,0,0,0,03805541,spielesuechtig.de,,0,0,0,03805561,gouri.info,,0,0,0,03805562,lexika.tanto.de,,0,0,0,03805563,magicdevices.de,,0,0,0,03805565,travelblog.cosmobc.com,,0,0,0,03805566,ashgrovebandb.com,,0,0,0,03805568,gadgetsmaniac4u.com,,0,0,0,03805575,epicaauto.com,content@epicanetwork.com|connect@epicanetwork.com,1,39,95,563805579,spiele-news-blog.de,,0,0,0,03805594,epicagear.com,content@epicanetwork.com|connect@epicanetwork.com,1,2,5,33805597,blog.visafirst.com,seo@visafirst.com|epetkov@visafirst.com,1,3,8,53805598,marinews.net,,0,0,0,03805599,en.akihabaranews.com,,0,0,0,03805601,travelling-times.com,,0,0,0,03805611,techjailbreak.com,ace_offers@yahoo.co.uk,1,3,7,43805621,paranoidlinux.org,,0,0,0,03805622,mythreebittles.com,,0,0,0,03805623,realarmyofmoms.com,,0,0,0,03805626,firstclassbusiness.org,,0,0,0,03805627,freebradley.org,,0,0,0,03805630,under30finance.com,Cara@under30media.com|cara@under30media.com|jspector@steelcast.com,1,2,6,43805642,auto-candy.com,,0,0,0,03805643,igeeksblog.com,igeeksblogs@gmail.com|igeeksblogs@yahoo.com,1,16,34,183805650,domstechblog.com,dom@domstechblog.com,1,9,19,103805652,supportivehands.net,,0,0,0,03805656,theconchtech.com,robert@theconchtech.com|robert@thecontech.com|info@theconchtech.com,1,7,14,73805662,autoshive.com,,0,0,0,03805663,autoswisdom.com,,0,0,0,03805665,autosbunch.com,,0,0,0,03805668,talkblogs.net,,0,0,0,03805672,letsbuild.org,,0,0,0,03805674,rushtips.com,admin@rushtips.com,1,0,1,13805679,autosdrift.com,,0,0,0,03805681,financeyourdollars.com,,0,0,0,03805689,forthefirsttimer.com,b.sharma@forthefirsttimer.com,1,28,80,523805694,studentlifeonline.com,keelen77@earthlink.net,1,0,1,13805698,livingthecollegelife.com,alexcruz@livingthecollegelife.com,1,2,6,43805701,Yive.co,,0,0,0,03805702,lebrooks.com,,0,0,0,03805710,articles.pubarticles.com,,0,0,0,03805711,prettybythebay.com,,0,0,0,03805721,yilb.com,jsands@yilb.com,1,0,2,23805722,evolveent.com,abracetti@evolveent.com|editorial@evolveent.com| editorial@evolveent.com,1,6,13,73805723,itechbook.net,Shnoman@me.com|shnoman@me.com,1,0,2,23805726,mobi2android.com,,0,0,0,03805729,rudemom.com,rudemomblog75@yahoo.com,1,0,1,13805730,blog.mycorporation.com,,0,0,0,03805734,dianeestrella.com,,0,0,0,03805742,kidsgoals.com,cassie@kidsgoals.com,1,0,3,33805747,monroemainstreet.com,,0,0,0,03805755,allmyhealth.net,,0,0,0,03805759,exebit.org,,0,0,0,03805760,dlm-symposium.de,,0,0,0,03805761,wfu.uloop.com,,0,0,0,03805762,allsportstalk.net,,0,0,0,03805766,epicasports.com,,0,0,0,03805767,doublegsports.com,,0,0,0,03805768,exelens.com,,0,0,0,03805777,suesdealsandreviews.com,,0,0,0,03805810,vondir.net,,0,0,0,03805816,travelcitybreaks.com,thegirlinorange@gmail.com,1,1,2,13805820,resourcemagonline.com,,0,0,0,03805824,asfast-edv.de,,0,0,0,03805826,ps3-reloaded.de,,0,0,0,03805827,computerview.de,,0,0,0,03805830,thestartupmagazine.co.uk,,0,0,0,03805834,techjumble.com,,0,0,0,03805836,blog.iexplore.com,gdeeb@iexplore.com|info@inside-outmedia.com,1,0,2,23805892,blog.hcareers.com,,0,0,0,03805931,traceroute66.com,,0,0,0,03805932,dworld.de,,0,0,0,03805945,netglobers.com,,0,0,0,03806335,mein-computer-shop.de,,0,0,0,03806364,flyfed.com,,0,0,0,03806371,mentellect.com,,0,0,0,03806406,joeldelane.com,info@joeldelane.com|joel@joeldelane.com,1,33,67,343806414,oversteer.org.uk,editor@oversteer.org.uk,1,13,23,103806446,nextarchive.net,,0,0,0,03806507,securitygeeks.net,Admin@SecurityGeeks.NET|admin@securitygeeks.net|dsnyder@copypress.com,1,14,36,223806593,it2006.de,,0,0,0,03806602,wayneming.com,,0,0,0,03806614,safesoundfamily.com,ken@safesoundfamily.com,1,17,33,163806727,mobileslte.org,,0,0,0,03806728,cecofop.com,,0,0,0,03806737,technik-verstehen.com,,0,0,0,03806749,springfieldinterchange.com,,0,0,0,03806767,moneywatch101.com,moneywatch101@gmail.com,1,18,39,213807074,soshitech.com,,0,0,0,03807237,moneyflipping.com,,0,0,0,03807253,thepurplehairedhomeschooler.com,,0,0,0,03807269,businessgross.com,,0,0,0,03807435,chris88.designshuffle.com,,0,0,0,03807436,thedrive.co.uk,,0,0,0,03807443,spaces.covers.com,,0,0,0,03807459,secureourdream.com,,0,0,0,03807533,dma06.com,,0,0,0,03807535,attachmentmummy.com,,0,0,0,03807543,mumsthenerd.co.uk,,0,0,0,03807740,homeadvisorhomesource.com,blogs@homeadvisor.com|lhogan@homeadvisor.com,1,3,8,53807746,savingnspending.com, 50plusfinance@gmail.com,1,0,1,13807751,thefundamentalist.net,kevin@financiallypoor.com,1,5,11,63807762,blog.gogreensolar.com,,0,0,0,03807770,pogospring.com,,0,0,0,03807779,thedroidclub.com,,0,0,0,03807796,WhyBecomeALawyer.com,,0,0,0,03807805,her-intuition.org,,0,0,0,03807855,indiocine.org,,0,0,0,03807920,traxxasbrothers.com,,0,0,0,03807922,autotransportloadboard.com,,0,0,0,03807924,diytommy.designshuffle.com,,0,0,0,03807928,maincourse101.com,,0,0,0,03807936,mariasspace.com,ree026@optonline.net,1,0,1,13807943,livelovesmall.com,livelovesmall@gmail.com|manager@stretton.eu,1,1,3,23807974,emergingworld.org,,0,0,0,03808041,imwithjamie3reviewbonus.com,,0,0,0,03808070,smartmoneychicks.com,connect@smartmoneychicks.com,1,7,17,103808077,fishingtrips.net,,0,0,0,03808078,feedlogger.com,guest@feedlogger.com,1,1,2,13808148,mommyjenna.com,jenna@mommyjenna.com,1,22,51,293808172,tpankuch.com,,0,0,0,03808212,theindiemine.com,press@theindiemine.com,1,11,28,173808225,informedexplorer.com,info@informedexplorer.com,1,3,7,43808226,traveldirectlink.com,,0,0,0,03808228,connect.innovateuk.org,,0,0,0,03808233,thediscoveryblog.com,,0,0,0,03808294,ecodc.net,,0,0,0,03808296,maritaldepot.com,,0,0,0,03808335,blog.comfree.com,jane.kennedy@comfree.com|rosy.saadeh@comfree.com,1,1,3,23808368,dilligad.net,,0,0,0,03808373,designbloggar.com,,0,0,0,03808376,internet-safety.yoursphere.com,angel@yoursphere.com,1,0,1,13808381,blog.purehome.com,,0,0,0,03808393,songregistration.com,,0,0,0,03808415,zijatestimonials.com,russelctgbd@gmail.com|russelctgbd@yahoo.com,1,11,22,113808416,homesneeds.com,Johnalbert128@gmail.com|johnalbert128@gmail.com,1,27,67,403808451,1businessguide.com,admin@1businessguide.com|guestposts@cornerstonecontent.com,1,11,20,93808500,alifeinbloom.blogspot.com,,0,0,0,03808503,lerablog.org,kidal@outlook.com,1,3,6,33808514,infotainmentnews.net,,0,0,0,03808692,stuffireview.com,vedprakash@nettechno.com,1,8,16,83808720,hollowsinshaven.blogspot.com,,0,0,0,03808771,bloggersjoy.com,,0,0,0,03808778,blog.amerifirst.com,,0,0,0,03808780,computerknowledgeforyou.com,,0,0,0,03808781,shareconnector.com,,0,0,0,03808793,testwebsite.com,,0,0,0,03808800,blog.cleveland.com,,0,0,0,03808805,infinigeek.com,,0,0,0,03808839,green.thefuntimesguide.com,,0,0,0,03808876,about.g2crowd.com,,0,0,0,03809019,osozo.com,,0,0,0,03809164,emplec.net,,0,0,0,03809187,cvtourist.com,,0,0,0,03809204,realitysurvival.com,,0,0,0,03809206,leosjourney.com,,0,0,0,03809223,liztourism.com,,0,0,0,03809237,opportunities4newbusiness.com,,0,0,0,03809240,businessnbudgeting.com,,0,0,0,03809269,kixp.net,cto@nbi.ispkenya.com,1,0,1,13809309,360chestnut.com,connect@360Chestnut.com|caroline@360chestnut.com|admin@360chestnut.com|caroline.s.egan@gmail.com|jyork@steelcast.com,1,4,12,83809340,geekycube.com,digitfox@gmail.com,1,0,2,23809350,blog.ideafit.com,,0,0,0,03809446,logtas.com,,0,0,0,03809448,frugaljourney.com,,0,0,0,03809449,investoo.net,,0,0,0,03809450,Ascotwealth.com,,0,0,0,03809452,theadviceclinic.org,,0,0,0,03809514,greenfellow.org,,0,0,0,03809637,designdecoy.com,,0,0,0,03809647,blog.geotypico.com,,0,0,0,03809650,fipnet.org,,0,0,0,03809653,outdoor-travelling.com,,0,0,0,03809696,thesocialmediahat.com,info@thesocialmediahat.com|mike@thesocialmediahat.com,1,7,16,93809702,belviewtech.com,,0,0,0,03809746,joshandme.com,,0,0,0,03809812,urbantimes.co,jobs@theurbn.com,1,1,2,13809836,lucidinsiders.com,,0,0,0,03809939,livinggreenandsavingenergy.com,steve@livinggreenandsavingenergy.com,1,7,16,93809945,digitalproductsbusiness.com,,0,0,0,03809950,homestylesrealty.net,,0,0,0,03809982,fitforwellness.com,,0,0,0,03809985,my.cbn.com,,0,0,0,03810024,blog.scoop.it,,0,0,0,03810042,richplum.net,,0,0,0,03810081,eventsbooking.net,,0,0,0,03810136,speakwithoutinterruption.com,,0,0,0,03810248,ajnnews.com,,0,0,0,03810251,agingtech.com,,0,0,0,03810275,womenspk.com,WomenSpk@aol.com,1,0,1,13810278,xpav.com,,0,0,0,03810279,besthealthadvisor.com,,0,0,0,03810332,consolidatedebt101.com,,0,0,0,03810343,investinmiskolc.com,,0,0,0,03810347,bestbrothersbusiness.com,,0,0,0,03810377,netlabelsnews.org,,0,0,0,03810404,cstiness-will-see-using-smediaechnologie.com,,0,0,0,03810405,cst-will-see-using-social-mediaechnologie.com,,0,0,0,03810413,blogs.fin24.com,,0,0,0,03810428,dailyapplenews.square7.ch,,0,0,0,03810446,picsplz.com,,0,0,0,03810455,blog.cleantechies.com,,0,0,0,03810494,money-mouse.co.uk,,0,0,0,03810512,leeandlevine.com,,0,0,0,03810520,fashforums.com,,0,0,0,03810522,homebasics.net,,0,0,0,03810525,thetraveling.org,,0,0,0,03810526,travellpoint.com,,0,0,0,03810527,lifesportravenna.com,,0,0,0,03810528,purplepeakretreat.com,,0,0,0,03810555,todaysworkathomemom.com,todaysworkathomemom@gmail.com,1,1,3,23810556,withdk.com,,0,0,0,03810576,techbead.com,,0,0,0,03810582,blog.sportsblog.com,,0,0,0,03810595,geneva.patch.com,,0,0,0,03810616,oddnews.cosmobc.com,,0,0,0,03810622,metrifyapp.com,,0,0,0,03810648,nasarawastatescholarshipboard.org,,0,0,0,03810683,wbpacking.com,,0,0,0,03810693,turnovercost.com,info@turnovercost.com,1,5,13,83810711,lifestyle.allwomenstalk.com,,0,0,0,03810712,ellefigaro.com,,0,0,0,03810755,joomladollars.com,,0,0,0,03810775,apps.allwomenstalk.com,,0,0,0,03810792,ipost.christianpost.com,,0,0,0,03810821,ultraunboxing.com,press@ultraunboxing.com|ultraunboxing@outlook.com,1,2,6,4